"time","Amm_mgL"
"01/07/2020 00:",NA
"01/07/2020 01:",NA
"01/07/2020 02:",NA
"01/07/2020 03:",NA
"01/07/2020 04:",NA
"01/07/2020 05:",NA
"01/07/2020 06:",NA
"01/07/2020 07:",NA
"01/07/2020 08:",2.95091
"01/07/2020 09:",2.86058
"01/07/2020 10:",NA
"01/07/2020 11:",NA
"01/07/2020 12:",NA
"01/07/2020 13:",NA
"01/07/2020 14:",NA
"01/07/2020 15:",NA
"01/07/2020 16:",NA
"01/07/2020 17:",NA
"01/07/2020 18:",NA
"01/07/2020 19:",NA
"01/07/2020 20:",NA
"01/07/2020 21:",NA
"01/07/2020 22:",NA
"01/07/2020 23:",NA
"02/07/2020 00:",NA
"02/07/2020 01:",NA
"02/07/2020 02:",NA
"02/07/2020 03:",NA
"02/07/2020 04:",NA
"02/07/2020 05:",NA
"02/07/2020 06:",NA
"02/07/2020 07:",NA
"02/07/2020 08:",NA
"02/07/2020 09:",NA
"02/07/2020 10:",NA
"02/07/2020 11:",NA
"02/07/2020 12:",NA
"02/07/2020 13:",NA
"02/07/2020 14:",NA
"02/07/2020 15:",NA
"02/07/2020 16:",NA
"02/07/2020 17:",NA
"02/07/2020 18:",NA
"02/07/2020 19:",NA
"02/07/2020 20:",NA
"02/07/2020 21:",NA
"02/07/2020 22:",NA
"02/07/2020 23:",NA
"03/07/2020 00:",NA
"03/07/2020 01:",NA
"03/07/2020 02:",NA
"03/07/2020 03:",NA
"03/07/2020 04:",NA
"03/07/2020 05:",NA
"03/07/2020 06:",NA
"03/07/2020 07:",NA
"03/07/2020 08:",2.88327
"03/07/2020 09:",2.85188
"03/07/2020 10:",2.99384
"03/07/2020 11:",NA
"03/07/2020 12:",NA
"03/07/2020 13:",NA
"03/07/2020 14:",NA
"03/07/2020 15:",NA
"03/07/2020 16:",1.63102
"03/07/2020 17:",1.69915
"03/07/2020 18:",1.62729
"03/07/2020 19:",1.72635
"03/07/2020 20:",1.61162
"03/07/2020 21:",1.56021
"03/07/2020 22:",1.38739
"03/07/2020 23:",1.20699
"04/07/2020 00:",1.07637
"04/07/2020 01:",0.860262
"04/07/2020 02:",0.686373
"04/07/2020 03:",0.509498
"04/07/2020 04:",0.398113
"04/07/2020 05:",0.244667
"04/07/2020 06:",0.176917
"04/07/2020 07:",0.191945
"04/07/2020 08:",0.131332
"04/07/2020 09:",0.105113
"04/07/2020 10:",0.230443
"04/07/2020 11:",0.375537
"04/07/2020 12:",0.516698
"04/07/2020 13:",0.785779
"04/07/2020 14:",0.982211
"04/07/2020 15:",1.09059
"04/07/2020 16:",1.21093
"04/07/2020 17:",1.31127
"04/07/2020 18:",1.36025
"04/07/2020 19:",1.41832
"04/07/2020 20:",1.44815
"04/07/2020 21:",1.42248
"04/07/2020 22:",1.43539
"04/07/2020 23:",1.3914
"05/07/2020 00:",1.32765
"05/07/2020 01:",1.23172
"05/07/2020 02:",1.06702
"05/07/2020 03:",0.958116
"05/07/2020 04:",0.89114
"05/07/2020 05:",0.711493
"05/07/2020 06:",0.563732
"05/07/2020 07:",0.53222
"05/07/2020 08:",0.561839
"05/07/2020 09:",0.329575
"05/07/2020 10:",0.618623
"05/07/2020 11:",0.61948
"05/07/2020 12:",0.726393
"05/07/2020 13:",1.03459
"05/07/2020 14:",1.30398
"05/07/2020 15:",1.41353
"05/07/2020 16:",1.3668
"05/07/2020 17:",1.52272
"05/07/2020 18:",1.57309
"05/07/2020 19:",1.42893
"05/07/2020 20:",1.33113
"05/07/2020 21:",1.33253
"05/07/2020 22:",1.12658
"05/07/2020 23:",0.884394
"06/07/2020 00:",0.830282
"06/07/2020 01:",0.638223
"06/07/2020 02:",0.484573
"06/07/2020 03:",0.337573
"06/07/2020 04:",0.326823
"06/07/2020 05:",0.265161
"06/07/2020 06:",0.220693
"06/07/2020 07:",NA
"06/07/2020 08:",NA
"06/07/2020 09:",NA
"06/07/2020 10:",0.22698
"06/07/2020 11:",0.23842
"06/07/2020 12:",0.501904
"06/07/2020 13:",0.744838
"06/07/2020 14:",0.990388
"06/07/2020 15:",1.08766
"06/07/2020 16:",1.1223
"06/07/2020 17:",1.37453
"06/07/2020 18:",1.37359
"06/07/2020 19:",1.46736
"06/07/2020 20:",1.56899
"06/07/2020 21:",1.57325
"06/07/2020 22:",1.47512
"06/07/2020 23:",1.39153
"07/07/2020 00:",1.27443
"07/07/2020 01:",1.24264
"07/07/2020 02:",1.16992
"07/07/2020 03:",1.00267
"07/07/2020 04:",0.817443
"07/07/2020 05:",0.767625
"07/07/2020 06:",0.592022
"07/07/2020 07:",0.652739
"07/07/2020 08:",0.618568
"07/07/2020 09:",0.474293
"07/07/2020 10:",0.502985615584416
"07/07/2020 11:",0.502278436363636
"07/07/2020 12:",0.501571257142857
"07/07/2020 13:",NA
"07/07/2020 14:",NA
"07/07/2020 15:",NA
"07/07/2020 16:",NA
"07/07/2020 17:",NA
"07/07/2020 18:",NA
"07/07/2020 19:",NA
"07/07/2020 20:",NA
"07/07/2020 21:",NA
"07/07/2020 22:",NA
"07/07/2020 23:",NA
"08/07/2020 00:",NA
"08/07/2020 01:",NA
"08/07/2020 02:",NA
"08/07/2020 03:",NA
"08/07/2020 04:",NA
"08/07/2020 05:",NA
"08/07/2020 06:",NA
"08/07/2020 07:",NA
"08/07/2020 08:",NA
"08/07/2020 09:",NA
"08/07/2020 10:",NA
"08/07/2020 11:",NA
"08/07/2020 12:",NA
"08/07/2020 13:",NA
"08/07/2020 14:",NA
"08/07/2020 15:",NA
"08/07/2020 16:",NA
"08/07/2020 17:",NA
"08/07/2020 18:",NA
"08/07/2020 19:",NA
"08/07/2020 20:",NA
"08/07/2020 21:",NA
"08/07/2020 22:",NA
"08/07/2020 23:",NA
"09/07/2020 00:",NA
"09/07/2020 01:",NA
"09/07/2020 02:",NA
"09/07/2020 03:",NA
"09/07/2020 04:",NA
"09/07/2020 05:",NA
"09/07/2020 06:",NA
"09/07/2020 07:",NA
"09/07/2020 08:",NA
"09/07/2020 09:",NA
"09/07/2020 10:",NA
"09/07/2020 11:",NA
"09/07/2020 12:",NA
"09/07/2020 13:",NA
"09/07/2020 14:",NA
"09/07/2020 15:",NA
"09/07/2020 16:",NA
"09/07/2020 17:",NA
"09/07/2020 18:",NA
"09/07/2020 19:",NA
"09/07/2020 20:",NA
"09/07/2020 21:",NA
"09/07/2020 22:",NA
"09/07/2020 23:",NA
"10/07/2020 00:",NA
"10/07/2020 01:",NA
"10/07/2020 02:",NA
"10/07/2020 03:",NA
"10/07/2020 04:",NA
"10/07/2020 05:",NA
"10/07/2020 06:",NA
"10/07/2020 07:",NA
"10/07/2020 08:",NA
"10/07/2020 09:",NA
"10/07/2020 10:",NA
"10/07/2020 11:",NA
"10/07/2020 12:",NA
"10/07/2020 13:",NA
"10/07/2020 14:",NA
"10/07/2020 15:",NA
"10/07/2020 16:",NA
"10/07/2020 17:",NA
"10/07/2020 18:",NA
"10/07/2020 19:",NA
"10/07/2020 20:",NA
"10/07/2020 21:",NA
"10/07/2020 22:",NA
"10/07/2020 23:",NA
"11/07/2020 00:",NA
"11/07/2020 01:",NA
"11/07/2020 02:",NA
"11/07/2020 03:",NA
"11/07/2020 04:",NA
"11/07/2020 05:",NA
"11/07/2020 06:",NA
"11/07/2020 07:",0.437217948051948
"11/07/2020 08:",0.436510768831169
"11/07/2020 09:",0.43580358961039
"11/07/2020 10:",0.445974
"11/07/2020 11:",0.439357
"11/07/2020 12:",0.622668
"11/07/2020 13:",0.799086
"11/07/2020 14:",1.01076
"11/07/2020 15:",1.11343
"11/07/2020 16:",1.12135
"11/07/2020 17:",1.35658
"11/07/2020 18:",1.31151
"11/07/2020 19:",1.45333
"11/07/2020 20:",1.4754
"11/07/2020 21:",1.44626
"11/07/2020 22:",1.45017
"11/07/2020 23:",1.39648
"12/07/2020 00:",1.33854
"12/07/2020 01:",1.27075
"12/07/2020 02:",1.17794
"12/07/2020 03:",1.01055
"12/07/2020 04:",0.868046
"12/07/2020 05:",0.813808
"12/07/2020 06:",0.663099
"12/07/2020 07:",0.489659
"12/07/2020 08:",0.37581
"12/07/2020 09:",0.414212
"12/07/2020 10:",0.40694
"12/07/2020 11:",0.517476
"12/07/2020 12:",0.748566
"12/07/2020 13:",0.980136
"12/07/2020 14:",1.09582
"12/07/2020 15:",1.22043
"12/07/2020 16:",1.2275
"12/07/2020 17:",1.50816
"12/07/2020 18:",1.49533
"12/07/2020 19:",1.59549
"12/07/2020 20:",1.61567
"12/07/2020 21:",1.55675
"12/07/2020 22:",1.48576
"12/07/2020 23:",1.51268
"13/07/2020 00:",1.41281
"13/07/2020 01:",1.30104
"13/07/2020 02:",1.15702
"13/07/2020 03:",0.996149
"13/07/2020 04:",0.759446
"13/07/2020 05:",0.644037
"13/07/2020 06:",0.477727
"13/07/2020 07:",0.422787
"13/07/2020 08:",0.27728
"13/07/2020 09:",0.232949
"13/07/2020 10:",0.261873
"13/07/2020 11:",0.30557
"13/07/2020 12:",0.492702
"13/07/2020 13:",0.790571
"13/07/2020 14:",0.920244
"13/07/2020 15:",1.14453
"13/07/2020 16:",1.18168
"13/07/2020 17:",1.50763
"13/07/2020 18:",1.50709
"13/07/2020 19:",1.67034
"13/07/2020 20:",1.59892
"13/07/2020 21:",1.57018
"13/07/2020 22:",1.57257
"13/07/2020 23:",1.52178
"14/07/2020 00:",1.43294
"14/07/2020 01:",1.32365
"14/07/2020 02:",1.11767
"14/07/2020 03:",1.06358
"14/07/2020 04:",0.813916
"14/07/2020 05:",0.672526
"14/07/2020 06:",0.573177
"14/07/2020 07:",0.445932
"14/07/2020 08:",0.375653
"14/07/2020 09:",0.296013
"14/07/2020 10:",0.282502
"14/07/2020 11:",0.343116
"14/07/2020 12:",0.503992
"14/07/2020 13:",0.806326
"14/07/2020 14:",0.966409
"14/07/2020 15:",1.05644
"14/07/2020 16:",1.17234
"14/07/2020 17:",1.37807
"14/07/2020 18:",1.39094
"14/07/2020 19:",1.52833
"14/07/2020 20:",1.51738
"14/07/2020 21:",1.49046
"14/07/2020 22:",1.54324
"14/07/2020 23:",1.4365
"15/07/2020 00:",1.33865
"15/07/2020 01:",1.23071
"15/07/2020 02:",1.01924
"15/07/2020 03:",0.89603
"15/07/2020 04:",0.789356
"15/07/2020 05:",0.668529
"15/07/2020 06:",0.577888
"15/07/2020 07:",0.354631
"15/07/2020 08:",0.18336
"15/07/2020 09:",0.264578
"15/07/2020 10:",0.270895
"15/07/2020 11:",0.391031
"15/07/2020 12:",0.430503
"15/07/2020 13:",0.64644
"15/07/2020 14:",0.855806
"15/07/2020 15:",0.888615
"15/07/2020 16:",0.965305
"15/07/2020 17:",1.21453
"15/07/2020 18:",1.28592
"15/07/2020 19:",1.42954
"15/07/2020 20:",1.32005
"15/07/2020 21:",1.36853
"15/07/2020 22:",1.42
"15/07/2020 23:",1.32257
"16/07/2020 00:",1.22984
"16/07/2020 01:",1.14447
"16/07/2020 02:",1.04696
"16/07/2020 03:",0.954835
"16/07/2020 04:",0.903558
"16/07/2020 05:",0.835633
"16/07/2020 06:",0.657648
"16/07/2020 07:",0.669252
"16/07/2020 08:",0.520776
"16/07/2020 09:",NA
"16/07/2020 10:",0.364597
"16/07/2020 11:",0.383614
"16/07/2020 12:",0.461038
"16/07/2020 13:",0.663218
"16/07/2020 14:",0.819029
"16/07/2020 15:",0.907706
"16/07/2020 16:",0.947547
"16/07/2020 17:",1.06382
"16/07/2020 18:",1.22632
"16/07/2020 19:",1.42515
"16/07/2020 20:",1.45058
"16/07/2020 21:",1.4599
"16/07/2020 22:",1.47103
"16/07/2020 23:",1.40058
"17/07/2020 00:",1.37361
"17/07/2020 01:",1.25955
"17/07/2020 02:",1.18541
"17/07/2020 03:",1.1224
"17/07/2020 04:",0.985516
"17/07/2020 05:",0.871643
"17/07/2020 06:",0.719959
"17/07/2020 07:",0.662949
"17/07/2020 08:",0.359437
"17/07/2020 09:",0.37858
"17/07/2020 10:",0.376076
"17/07/2020 11:",0.431332
"17/07/2020 12:",0.487465
"17/07/2020 13:",0.769651
"17/07/2020 14:",0.930453
"17/07/2020 15:",1.06434
"17/07/2020 16:",1.20687
"17/07/2020 17:",1.29746
"17/07/2020 18:",1.36062
"17/07/2020 19:",1.33311
"17/07/2020 20:",1.37456
"17/07/2020 21:",1.39533
"17/07/2020 22:",1.36337
"17/07/2020 23:",1.26719
"18/07/2020 00:",1.24467
"18/07/2020 01:",1.07612
"18/07/2020 02:",1.05459
"18/07/2020 03:",0.929529
"18/07/2020 04:",0.824615
"18/07/2020 05:",0.722129
"18/07/2020 06:",0.688658
"18/07/2020 07:",0.460283
"18/07/2020 08:",0.356305
"18/07/2020 09:",0.240709
"18/07/2020 10:",0.254772
"18/07/2020 11:",0.321802
"18/07/2020 12:",0.359694
"18/07/2020 13:",0.608764
"18/07/2020 14:",0.7541
"18/07/2020 15:",0.911226
"18/07/2020 16:",0.905565
"18/07/2020 17:",1.12958
"18/07/2020 18:",1.20111
"18/07/2020 19:",1.27938
"18/07/2020 20:",1.29017
"18/07/2020 21:",1.30292
"18/07/2020 22:",1.2686
"18/07/2020 23:",1.22558
"19/07/2020 00:",1.16081
"19/07/2020 01:",1.09748
"19/07/2020 02:",0.96606
"19/07/2020 03:",0.84229
"19/07/2020 04:",0.766696
"19/07/2020 05:",0.614591
"19/07/2020 06:",0.537215
"19/07/2020 07:",0.39635
"19/07/2020 08:",0.335976
"19/07/2020 09:",0.256151
"19/07/2020 10:",0.36202
"19/07/2020 11:",0.427178
"19/07/2020 12:",0.574996
"19/07/2020 13:",0.764993
"19/07/2020 14:",0.95851
"19/07/2020 15:",1.11751
"19/07/2020 16:",1.12786
"19/07/2020 17:",1.30409
"19/07/2020 18:",1.37655
"19/07/2020 19:",1.50042
"19/07/2020 20:",1.46738
"19/07/2020 21:",1.48503
"19/07/2020 22:",1.4834
"19/07/2020 23:",1.42689
"20/07/2020 00:",1.39352
"20/07/2020 01:",1.32093
"20/07/2020 02:",1.23196
"20/07/2020 03:",1.11337
"20/07/2020 04:",1.01935
"20/07/2020 05:",0.915262
"20/07/2020 06:",0.833604
"20/07/2020 07:",0.736493
"20/07/2020 08:",0.710581
"20/07/2020 09:",0.595326
"20/07/2020 10:",0.72404
"20/07/2020 11:",0.722169
"20/07/2020 12:",0.848159
"20/07/2020 13:",1.06077
"20/07/2020 14:",1.24193
"20/07/2020 15:",1.35282
"20/07/2020 16:",1.38236
"20/07/2020 17:",1.52735
"20/07/2020 18:",1.60183
"20/07/2020 19:",1.6469
"20/07/2020 20:",1.6544
"20/07/2020 21:",1.68081
"20/07/2020 22:",1.69963
"20/07/2020 23:",1.66353
"21/07/2020 00:",1.62291
"21/07/2020 01:",1.53534
"21/07/2020 02:",1.46915
"21/07/2020 03:",1.38214
"21/07/2020 04:",1.20119
"21/07/2020 05:",1.21042
"21/07/2020 06:",0.992001
"21/07/2020 07:",0.906392
"21/07/2020 08:",0.791466
"21/07/2020 09:",0.741316
"21/07/2020 10:",0.804729
"21/07/2020 11:",0.907658
"21/07/2020 12:",1.01802
"21/07/2020 13:",1.2665
"21/07/2020 14:",1.42971
"21/07/2020 15:",1.52848
"21/07/2020 16:",1.57849
"21/07/2020 17:",1.81671
"21/07/2020 18:",1.77841
"21/07/2020 19:",1.84381
"21/07/2020 20:",1.83082
"21/07/2020 21:",1.8611
"21/07/2020 22:",1.83876
"21/07/2020 23:",1.78125
"22/07/2020 00:",1.73905
"22/07/2020 01:",1.68526
"22/07/2020 02:",1.56033
"22/07/2020 03:",1.46132
"22/07/2020 04:",1.33209
"22/07/2020 05:",1.29493
"22/07/2020 06:",1.16482
"22/07/2020 07:",1.08422
"22/07/2020 08:",1.00848
"22/07/2020 09:",0.897721
"22/07/2020 10:",0.994344
"22/07/2020 11:",1.05247
"22/07/2020 12:",1.22411
"22/07/2020 13:",1.40327
"22/07/2020 14:",1.57141
"22/07/2020 15:",1.72313
"22/07/2020 16:",1.70083
"22/07/2020 17:",1.80638
"22/07/2020 18:",1.81008
"22/07/2020 19:",1.84305
"22/07/2020 20:",1.83936
"22/07/2020 21:",1.80148
"22/07/2020 22:",1.77876
"22/07/2020 23:",1.71708
"23/07/2020 00:",1.62994
"23/07/2020 01:",1.54876
"23/07/2020 02:",1.42515
"23/07/2020 03:",1.30789
"23/07/2020 04:",1.14757
"23/07/2020 05:",1.02192
"23/07/2020 06:",0.935083
"23/07/2020 07:",0.828036
"23/07/2020 08:",0.72785
"23/07/2020 09:",0.631215
"23/07/2020 10:",0.807075
"23/07/2020 11:",0.917364
"23/07/2020 12:",1.02656
"23/07/2020 13:",1.19967
"23/07/2020 14:",1.41831
"23/07/2020 15:",1.51664
"23/07/2020 16:",1.49264
"23/07/2020 17:",1.63835
"23/07/2020 18:",1.76558
"23/07/2020 19:",1.75602
"23/07/2020 20:",1.79231
"23/07/2020 21:",1.82892
"23/07/2020 22:",1.77485
"23/07/2020 23:",1.72871
"24/07/2020 00:",1.63449
"24/07/2020 01:",1.54192
"24/07/2020 02:",1.46933
"24/07/2020 03:",1.34088
"24/07/2020 04:",1.19022
"24/07/2020 05:",1.02106
"24/07/2020 06:",0.886338
"24/07/2020 07:",0.797172
"24/07/2020 08:",0.705499
"24/07/2020 09:",0.639134
"24/07/2020 10:",0.77724
"24/07/2020 11:",0.820532
"24/07/2020 12:",1.03502
"24/07/2020 13:",1.20553
"24/07/2020 14:",1.37105
"24/07/2020 15:",1.45052
"24/07/2020 16:",1.46644
"24/07/2020 17:",1.66787
"24/07/2020 18:",1.6765
"24/07/2020 19:",1.74143
"24/07/2020 20:",1.77338
"24/07/2020 21:",1.76541
"24/07/2020 22:",1.7177
"24/07/2020 23:",1.70464
"25/07/2020 00:",1.78411
"25/07/2020 01:",1.56075
"25/07/2020 02:",1.45631
"25/07/2020 03:",1.3605
"25/07/2020 04:",1.2182
"25/07/2020 05:",1.04778
"25/07/2020 06:",0.948339
"25/07/2020 07:",0.824534
"25/07/2020 08:",0.746738
"25/07/2020 09:",0.662908
"25/07/2020 10:",0.86151
"25/07/2020 11:",0.885419
"25/07/2020 12:",1.05155
"25/07/2020 13:",1.29974
"25/07/2020 14:",1.43745
"25/07/2020 15:",1.5801
"25/07/2020 16:",1.50794
"25/07/2020 17:",1.77044
"25/07/2020 18:",1.79115
"25/07/2020 19:",1.93883
"25/07/2020 20:",1.99084
"25/07/2020 21:",1.9229
"25/07/2020 22:",1.97152
"25/07/2020 23:",1.8462
"26/07/2020 00:",1.83707
"26/07/2020 01:",1.67709
"26/07/2020 02:",1.57566
"26/07/2020 03:",1.51778
"26/07/2020 04:",1.33266
"26/07/2020 05:",1.13024
"26/07/2020 06:",0.9842
"26/07/2020 07:",0.876546
"26/07/2020 08:",0.786299
"26/07/2020 09:",0.718601
"26/07/2020 10:",0.962158
"26/07/2020 11:",0.97588
"26/07/2020 12:",0.958938
"26/07/2020 13:",1.22585
"26/07/2020 14:",1.36662
"26/07/2020 15:",1.51263
"26/07/2020 16:",1.657
"26/07/2020 17:",1.90693
"26/07/2020 18:",1.94988
"26/07/2020 19:",2.04768
"26/07/2020 20:",2.03612
"26/07/2020 21:",1.98755
"26/07/2020 22:",1.92239
"26/07/2020 23:",1.95373
"27/07/2020 00:",1.83087
"27/07/2020 01:",1.85318
"27/07/2020 02:",1.66908
"27/07/2020 03:",1.47931
"27/07/2020 04:",1.39787
"27/07/2020 05:",1.23449
"27/07/2020 06:",1.14442
"27/07/2020 07:",0.956983
"27/07/2020 08:",0.852866
"27/07/2020 09:",0.792111
"27/07/2020 10:",0.843765
"27/07/2020 11:",0.883653
"27/07/2020 12:",0.988533
"27/07/2020 13:",1.23472
"27/07/2020 14:",1.42829
"27/07/2020 15:",1.5366
"27/07/2020 16:",1.50762
"27/07/2020 17:",1.77
"27/07/2020 18:",1.8
"27/07/2020 19:",1.9
"27/07/2020 20:",1.95
"27/07/2020 21:",1.96
"27/07/2020 22:",1.92
"27/07/2020 23:",1.86
"28/07/2020 00:",1.79
"28/07/2020 01:",1.72
"28/07/2020 02:",1.58
"28/07/2020 03:",1.43
"28/07/2020 04:",1.32
"28/07/2020 05:",1.21
"28/07/2020 06:",1.11
"28/07/2020 07:",0.897
"28/07/2020 08:",0.927
"28/07/2020 09:",0.838
"28/07/2020 10:",1.02
"28/07/2020 11:",0.983
"28/07/2020 12:",1.13
"28/07/2020 13:",1.37
"28/07/2020 14:",1.53
"28/07/2020 15:",1.61
"28/07/2020 16:",1.6
"28/07/2020 17:",1.9
"28/07/2020 18:",1.9
"28/07/2020 19:",1.93
"28/07/2020 20:",2.05
"28/07/2020 21:",2
"28/07/2020 22:",2.03
"28/07/2020 23:",1.91
"29/07/2020 00:",1.85
"29/07/2020 01:",1.81
"29/07/2020 02:",1.66
"29/07/2020 03:",1.57
"29/07/2020 04:",1.41
"29/07/2020 05:",1.28
"29/07/2020 06:",1.12
"29/07/2020 07:",0.965
"29/07/2020 08:",1.05
"29/07/2020 09:",0.762
"29/07/2020 10:",0.951
"29/07/2020 11:",0.955
"29/07/2020 12:",1.05
"29/07/2020 13:",1.33
"29/07/2020 14:",1.5
"29/07/2020 15:",1.59
"29/07/2020 16:",1.57
"29/07/2020 17:",1.82
"29/07/2020 18:",1.92
"29/07/2020 19:",1.98
"29/07/2020 20:",2.05
"29/07/2020 21:",2.04
"29/07/2020 22:",2.07
"29/07/2020 23:",2.02
"30/07/2020 00:",1.96
"30/07/2020 01:",1.91
"30/07/2020 02:",1.73
"30/07/2020 03:",1.67
"30/07/2020 04:",1.56
"30/07/2020 05:",1.37
"30/07/2020 06:",1.23
"30/07/2020 07:",1.18
"30/07/2020 08:",1.06
"30/07/2020 09:",0.889
"30/07/2020 10:",1.06
"30/07/2020 11:",1.095
"30/07/2020 12:",1.225
"30/07/2020 13:",1.43
"30/07/2020 14:",1.62
"30/07/2020 15:",1.755
"30/07/2020 16:",1.925
"30/07/2020 17:",2.08
"30/07/2020 18:",2.155
"30/07/2020 19:",2.235
"30/07/2020 20:",2.265
"30/07/2020 21:",2.225
"30/07/2020 22:",2.205
"30/07/2020 23:",2.2
"31/07/2020 00:",2.115
"31/07/2020 01:",2.04
"31/07/2020 02:",1.955
"31/07/2020 03:",1.8
"31/07/2020 04:",1.665
"31/07/2020 05:",1.54
"31/07/2020 06:",1.41
"31/07/2020 07:",1.275
"31/07/2020 08:",1.145
"31/07/2020 09:",1.125
"31/07/2020 10:",1.165
"31/07/2020 11:",1.23
"31/07/2020 12:",1.375
"31/07/2020 13:",1.565
"31/07/2020 14:",1.7725
"31/07/2020 15:",1.9575
"31/07/2020 16:",2.02
"31/07/2020 17:",2.02
"31/07/2020 18:",2.105
"31/07/2020 19:",2.215
"31/07/2020 20:",2.255
"31/07/2020 21:",2.275
"31/07/2020 22:",2.29
"31/07/2020 23:",2.295
"01/08/2020 00:",2.23
"01/08/2020 01:",2.14
"01/08/2020 02:",2.02
"01/08/2020 03:",1.795
"01/08/2020 04:",1.625
"01/08/2020 05:",1.495
"01/08/2020 06:",1.36
"01/08/2020 07:",1.19
"01/08/2020 08:",0.9725
"01/08/2020 09:",0.9425
"01/08/2020 10:",1.025
"01/08/2020 11:",1.075
"01/08/2020 12:",1.3
"01/08/2020 13:",1.515
"01/08/2020 14:",1.615
"01/08/2020 15:",1.78
"01/08/2020 16:",1.995
"01/08/2020 17:",2.155
"01/08/2020 18:",2.255
"01/08/2020 19:",2.335
"01/08/2020 20:",2.385
"01/08/2020 21:",2.405
"01/08/2020 22:",2.335
"01/08/2020 23:",2.245
"02/08/2020 00:",2.18
"02/08/2020 01:",2.035
"02/08/2020 02:",1.87
"02/08/2020 03:",1.725
"02/08/2020 04:",1.6
"02/08/2020 05:",1.375
"02/08/2020 06:",1.19
"02/08/2020 07:",1.125
"02/08/2020 08:",1.045
"02/08/2020 09:",1.0075
"02/08/2020 10:",0.9975
"02/08/2020 11:",1.09
"02/08/2020 12:",1.265
"02/08/2020 13:",1.49
"02/08/2020 14:",1.76
"02/08/2020 15:",1.88
"02/08/2020 16:",2.07
"02/08/2020 17:",2.29
"02/08/2020 18:",2.37
"02/08/2020 19:",2.395
"02/08/2020 20:",2.37
"02/08/2020 21:",2.395
"02/08/2020 22:",2.355
"02/08/2020 23:",2.285
"03/08/2020 00:",2.175
"03/08/2020 01:",2.065
"03/08/2020 02:",2.015
"03/08/2020 03:",1.845
"03/08/2020 04:",1.68
"03/08/2020 05:",1.62
"03/08/2020 06:",1.575
"03/08/2020 07:",1.5
"03/08/2020 08:",1.365
"03/08/2020 09:",1.1165
"03/08/2020 10:",0.9815
"03/08/2020 11:",1.095
"03/08/2020 12:",1.255
"03/08/2020 13:",1.425
"03/08/2020 14:",1.605
"03/08/2020 15:",1.705
"03/08/2020 16:",1.91
"03/08/2020 17:",2.15
"03/08/2020 18:",2.205
"03/08/2020 19:",2.285
"03/08/2020 20:",2.355
"03/08/2020 21:",2.305
"03/08/2020 22:",2.245
"03/08/2020 23:",2.22
"04/08/2020 00:",2.145
"04/08/2020 01:",2.01
"04/08/2020 02:",1.82
"04/08/2020 03:",1.715
"04/08/2020 04:",1.615
"04/08/2020 05:",1.455
"04/08/2020 06:",1.275
"04/08/2020 07:",1.08
"04/08/2020 08:",1.005
"04/08/2020 09:",0.9345
"04/08/2020 10:",0.8635
"04/08/2020 11:",0.9125
"04/08/2020 12:",1.0885
"04/08/2020 13:",1.305
"04/08/2020 14:",1.5
"04/08/2020 15:",1.65
"04/08/2020 16:",1.86
"04/08/2020 17:",2.075
"04/08/2020 18:",2.21
"04/08/2020 19:",2.28
"04/08/2020 20:",2.3
"04/08/2020 21:",2.29
"04/08/2020 22:",2.205
"04/08/2020 23:",2.075
"05/08/2020 00:",2.04
"05/08/2020 01:",1.975
"05/08/2020 02:",1.825
"05/08/2020 03:",1.735
"05/08/2020 04:",1.565
"05/08/2020 05:",1.405
"05/08/2020 06:",1.23
"05/08/2020 07:",1.115
"05/08/2020 08:",1.0085
"05/08/2020 09:",0.846
"05/08/2020 10:",0.8095
"05/08/2020 11:",0.866
"05/08/2020 12:",1.074
"05/08/2020 13:",1.28
"05/08/2020 14:",1.455
"05/08/2020 15:",1.62
"05/08/2020 16:",1.875
"05/08/2020 17:",2.165
"05/08/2020 18:",2.3
"05/08/2020 19:",2.33
"05/08/2020 20:",2.29
"05/08/2020 21:",2.235
"05/08/2020 22:",2.165
"05/08/2020 23:",2.08
"06/08/2020 00:",1.985
"06/08/2020 01:",1.91
"06/08/2020 02:",1.79
"06/08/2020 03:",1.66
"06/08/2020 04:",1.565
"06/08/2020 05:",1.38
"06/08/2020 06:",1.275
"06/08/2020 07:",1.235
"06/08/2020 08:",0.936
"06/08/2020 09:",0.834
"06/08/2020 10:",0.9065
"06/08/2020 11:",0.9485
"06/08/2020 12:",1.115
"06/08/2020 13:",1.31
"06/08/2020 14:",1.51
"06/08/2020 15:",1.645
"06/08/2020 16:",1.82
"06/08/2020 17:",1.96
"06/08/2020 18:",2.07
"06/08/2020 19:",2.175
"06/08/2020 20:",2.17
"06/08/2020 21:",2.15
"06/08/2020 22:",2.115
"06/08/2020 23:",2.015
"07/08/2020 00:",1.92
"07/08/2020 01:",1.895
"07/08/2020 02:",1.79
"07/08/2020 03:",1.605
"07/08/2020 04:",1.53
"07/08/2020 05:",1.455
"07/08/2020 06:",1.365
"07/08/2020 07:",1.174
"07/08/2020 08:",0.972
"07/08/2020 09:",0.954
"07/08/2020 10:",0.996
"07/08/2020 11:",1.055
"07/08/2020 12:",1.15
"07/08/2020 13:",1.345
"07/08/2020 14:",1.495
"07/08/2020 15:",1.59
"07/08/2020 16:",1.82
"07/08/2020 17:",2.035
"07/08/2020 18:",2.145
"07/08/2020 19:",2.265
"07/08/2020 20:",2.34
"07/08/2020 21:",2.315
"07/08/2020 22:",2.24
"07/08/2020 23:",2.2
"08/08/2020 00:",2.14
"08/08/2020 01:",2.015
"08/08/2020 02:",1.895
"08/08/2020 03:",1.77
"08/08/2020 04:",1.555
"08/08/2020 05:",1.435
"08/08/2020 06:",1.45
"08/08/2020 07:",1.305
"08/08/2020 08:",1.0645
"08/08/2020 09:",1.0145
"08/08/2020 10:",1.075
"08/08/2020 11:",1.05
"08/08/2020 12:",1.07
"08/08/2020 13:",1.24
"08/08/2020 14:",1.47
"08/08/2020 15:",1.64
"08/08/2020 16:",1.805
"08/08/2020 17:",1.93
"08/08/2020 18:",2.05
"08/08/2020 19:",2.18
"08/08/2020 20:",2.175
"08/08/2020 21:",2.145
"08/08/2020 22:",2.095
"08/08/2020 23:",1.97
"09/08/2020 00:",1.775
"09/08/2020 01:",1.675
"09/08/2020 02:",1.65
"09/08/2020 03:",1.53
"09/08/2020 04:",1.385
"09/08/2020 05:",1.19
"09/08/2020 06:",1.11
"09/08/2020 07:",0.9805
"09/08/2020 08:",0.808
"09/08/2020 09:",0.817
"09/08/2020 10:",0.792
"09/08/2020 11:",0.8035
"09/08/2020 12:",0.911
"09/08/2020 13:",1.035
"09/08/2020 14:",1.23
"09/08/2020 15:",1.43
"09/08/2020 16:",1.595
"09/08/2020 17:",1.79
"09/08/2020 18:",1.915
"09/08/2020 19:",1.925
"09/08/2020 20:",1.91
"09/08/2020 21:",1.895
"09/08/2020 22:",1.835
"09/08/2020 23:",1.78
"10/08/2020 00:",1.71
"10/08/2020 01:",1.53
"10/08/2020 02:",1.315
"10/08/2020 03:",1.165
"10/08/2020 04:",0.973
"10/08/2020 05:",0.827
"10/08/2020 06:",0.793
"10/08/2020 07:",0.6805
"10/08/2020 08:",0.5435
"10/08/2020 09:",0.523
"10/08/2020 10:",0.5675
"10/08/2020 11:",0.604
"10/08/2020 12:",0.5925
"10/08/2020 13:",0.6375
"10/08/2020 14:",0.8475
"10/08/2020 15:",0.9625
"10/08/2020 16:",1.3725
"10/08/2020 17:",1.88
"10/08/2020 18:",2.01
"10/08/2020 19:",2.1
"10/08/2020 20:",2.155
"10/08/2020 21:",2.18
"10/08/2020 22:",2.125
"10/08/2020 23:",2.09
"11/08/2020 00:",2.1
"11/08/2020 01:",2.07
"11/08/2020 02:",2.03
"11/08/2020 03:",1.91
"11/08/2020 04:",1.795
"11/08/2020 05:",1.72
"11/08/2020 06:",1.59
"11/08/2020 07:",1.485
"11/08/2020 08:",1.42
"11/08/2020 09:",1.405
"11/08/2020 10:",1.23
"11/08/2020 11:",1.075
"11/08/2020 12:",1.23
"11/08/2020 13:",1.44
"11/08/2020 14:",1.62
"11/08/2020 15:",1.75
"11/08/2020 16:",1.975
"11/08/2020 17:",2.2
"11/08/2020 18:",2.31
"11/08/2020 19:",2.405
"11/08/2020 20:",2.42
"11/08/2020 21:",2.41
"11/08/2020 22:",2.42
"11/08/2020 23:",2.395
"12/08/2020 00:",2.36
"12/08/2020 01:",2.285
"12/08/2020 02:",2.23
"12/08/2020 03:",2.14
"12/08/2020 04:",1.985
"12/08/2020 05:",1.825
"12/08/2020 06:",1.68
"12/08/2020 07:",1.545
"12/08/2020 08:",1.38
"12/08/2020 09:",0.965
"12/08/2020 10:",0.88
"12/08/2020 11:",1.0485
"12/08/2020 12:",1.0085
"12/08/2020 13:",1.33
"12/08/2020 14:",1.745
"12/08/2020 15:",1.95
"12/08/2020 16:",2.155
"12/08/2020 17:",2.33
"12/08/2020 18:",2.405
"12/08/2020 19:",2.445
"12/08/2020 20:",2.45
"12/08/2020 21:",2.465
"12/08/2020 22:",2.485
"12/08/2020 23:",2.49
"13/08/2020 00:",2.43
"13/08/2020 01:",2.345
"13/08/2020 02:",2.255
"13/08/2020 03:",2.145
"13/08/2020 04:",1.975
"13/08/2020 05:",1.82
"13/08/2020 06:",1.79
"13/08/2020 07:",1.62
"13/08/2020 08:",1.295
"13/08/2020 09:",1.165
"13/08/2020 10:",1.18
"13/08/2020 11:",1.175
"13/08/2020 12:",2.17
"13/08/2020 13:",NA
"13/08/2020 14:",NA
"13/08/2020 15:",NA
"13/08/2020 16:",NA
"13/08/2020 17:",NA
"13/08/2020 18:",NA
"13/08/2020 19:",NA
"13/08/2020 20:",NA
"13/08/2020 21:",NA
"13/08/2020 22:",NA
"13/08/2020 23:",NA
"14/08/2020 00:",NA
"14/08/2020 01:",NA
"14/08/2020 02:",NA
"14/08/2020 03:",NA
"14/08/2020 04:",NA
"14/08/2020 05:",2.91
"14/08/2020 06:",2.77
"14/08/2020 07:",2.72
"14/08/2020 08:",2.605
"14/08/2020 09:",2.505
"14/08/2020 10:",2.4
"14/08/2020 11:",2.235
"14/08/2020 12:",2.175
"14/08/2020 13:",2.165
"14/08/2020 14:",2.16
"14/08/2020 15:",2.2
"14/08/2020 16:",2.33
"14/08/2020 17:",2.445
"14/08/2020 18:",2.595
"14/08/2020 19:",2.825
"14/08/2020 20:",2.95
"14/08/2020 21:",2.99
"14/08/2020 22:",2.94
"14/08/2020 23:",2.78
"15/08/2020 00:",2.645
"15/08/2020 01:",2.495
"15/08/2020 02:",2.36
"15/08/2020 03:",2.245
"15/08/2020 04:",2.075
"15/08/2020 05:",1.925
"15/08/2020 06:",1.85
"15/08/2020 07:",1.725
"15/08/2020 08:",1.545
"15/08/2020 09:",1.525
"15/08/2020 10:",1.55
"15/08/2020 11:",1.54
"15/08/2020 12:",1.535
"15/08/2020 13:",1.595
"15/08/2020 14:",1.69
"15/08/2020 15:",1.72
"15/08/2020 16:",1.88
"15/08/2020 17:",2.09
"15/08/2020 18:",2.31
"15/08/2020 19:",2.485
"15/08/2020 20:",2.525
"15/08/2020 21:",2.595
"15/08/2020 22:",2.635
"15/08/2020 23:",2.605
"16/08/2020 00:",2.535
"16/08/2020 01:",2.43
"16/08/2020 02:",2.41
"16/08/2020 03:",2.22
"16/08/2020 04:",2.02
"16/08/2020 05:",1.875
"16/08/2020 06:",1.71
"16/08/2020 07:",1.61
"16/08/2020 08:",1.47
"16/08/2020 09:",1.505
"16/08/2020 10:",1.58
"16/08/2020 11:",1.595
"16/08/2020 12:",1.67
"16/08/2020 13:",1.79
"16/08/2020 14:",1.995
"16/08/2020 15:",2.21
"16/08/2020 16:",2.54
"16/08/2020 17:",2.815
"16/08/2020 18:",NA
"16/08/2020 19:",NA
"16/08/2020 20:",NA
"16/08/2020 21:",NA
"16/08/2020 22:",NA
"16/08/2020 23:",NA
"17/08/2020 00:",NA
"17/08/2020 01:",NA
"17/08/2020 02:",NA
"17/08/2020 03:",2.845
"17/08/2020 04:",2.705
"17/08/2020 05:",2.615
"17/08/2020 06:",2.54
"17/08/2020 07:",2.4
"17/08/2020 08:",2.24
"17/08/2020 09:",2.28
"17/08/2020 10:",2.265
"17/08/2020 11:",2.155
"17/08/2020 12:",2
"17/08/2020 13:",2.1
"17/08/2020 14:",2.54
"17/08/2020 15:",2.775
"17/08/2020 16:",NA
"17/08/2020 17:",NA
"17/08/2020 18:",NA
"17/08/2020 19:",NA
"17/08/2020 20:",NA
"17/08/2020 21:",NA
"17/08/2020 22:",NA
"17/08/2020 23:",NA
"18/08/2020 00:",NA
"18/08/2020 01:",NA
"18/08/2020 02:",NA
"18/08/2020 03:",NA
"18/08/2020 04:",2.93
"18/08/2020 05:",2.565
"18/08/2020 06:",2.305
"18/08/2020 07:",2.285
"18/08/2020 08:",2.235
"18/08/2020 09:",2.075
"18/08/2020 10:",1.93
"18/08/2020 11:",1.86
"18/08/2020 12:",1.69
"18/08/2020 13:",1.64
"18/08/2020 14:",1.8
"18/08/2020 15:",1.855
"18/08/2020 16:",1.995
"18/08/2020 17:",2.175
"18/08/2020 18:",2.285
"18/08/2020 19:",2.3
"18/08/2020 20:",2.28
"18/08/2020 21:",2.285
"18/08/2020 22:",2.22
"18/08/2020 23:",2.09
"19/08/2020 00:",1.865
"19/08/2020 01:",1.685
"19/08/2020 02:",1.56
"19/08/2020 03:",1.425
"19/08/2020 04:",1.39
"19/08/2020 05:",1.215
"19/08/2020 06:",1.115
"19/08/2020 07:",1.115
"19/08/2020 08:",0.967
"19/08/2020 09:",0.962
"19/08/2020 10:",1.075
"19/08/2020 11:",1.1
"19/08/2020 12:",1.155
"19/08/2020 13:",1.265
"19/08/2020 14:",1.37
"19/08/2020 15:",1.48
"19/08/2020 16:",1.735
"19/08/2020 17:",2.105
"19/08/2020 18:",2.4
"19/08/2020 19:",2.665
"19/08/2020 20:",2.845
"19/08/2020 21:",2.865
"19/08/2020 22:",2.81
"19/08/2020 23:",2.84
"20/08/2020 00:",2.82
"20/08/2020 01:",2.805
"20/08/2020 02:",2.73
"20/08/2020 03:",2.56
"20/08/2020 04:",2.455
"20/08/2020 05:",2.4
"20/08/2020 06:",2.365
"20/08/2020 07:",2.355
"20/08/2020 08:",2.36
"20/08/2020 09:",2.305
"20/08/2020 10:",2.065
"20/08/2020 11:",1.8
"20/08/2020 12:",1.825
"20/08/2020 13:",2.01
"20/08/2020 14:",2.165
"20/08/2020 15:",2.34
"20/08/2020 16:",2.69
"20/08/2020 17:",NA
"20/08/2020 18:",NA
"20/08/2020 19:",NA
"20/08/2020 20:",NA
"20/08/2020 21:",NA
"20/08/2020 22:",NA
"20/08/2020 23:",NA
"21/08/2020 00:",NA
"21/08/2020 01:",NA
"21/08/2020 02:",NA
"21/08/2020 03:",2.935
"21/08/2020 04:",2.76
"21/08/2020 05:",2.665
"21/08/2020 06:",2.42
"21/08/2020 07:",2.185
"21/08/2020 08:",1.98
"21/08/2020 09:",1.97
"21/08/2020 10:",2.01
"21/08/2020 11:",1.905
"21/08/2020 12:",1.94
"21/08/2020 13:",2.125
"21/08/2020 14:",2.325
"21/08/2020 15:",2.48
"21/08/2020 16:",2.83
"21/08/2020 17:",NA
"21/08/2020 18:",NA
"21/08/2020 19:",NA
"21/08/2020 20:",NA
"21/08/2020 21:",NA
"21/08/2020 22:",NA
"21/08/2020 23:",NA
"22/08/2020 00:",NA
"22/08/2020 01:",NA
"22/08/2020 02:",NA
"22/08/2020 03:",2.99
"22/08/2020 04:",2.835
"22/08/2020 05:",2.755
"22/08/2020 06:",2.545
"22/08/2020 07:",2.3
"22/08/2020 08:",2.265
"22/08/2020 09:",2.085
"22/08/2020 10:",1.96
"22/08/2020 11:",1.96
"22/08/2020 12:",1.995
"22/08/2020 13:",2.22
"22/08/2020 14:",2.45
"22/08/2020 15:",2.64
"22/08/2020 16:",NA
"22/08/2020 17:",NA
"22/08/2020 18:",NA
"22/08/2020 19:",NA
"22/08/2020 20:",NA
"22/08/2020 21:",NA
"22/08/2020 22:",NA
"22/08/2020 23:",NA
"23/08/2020 00:",NA
"23/08/2020 01:",NA
"23/08/2020 02:",NA
"23/08/2020 03:",NA
"23/08/2020 04:",NA
"23/08/2020 05:",NA
"23/08/2020 06:",2.935
"23/08/2020 07:",2.835
"23/08/2020 08:",2.59
"23/08/2020 09:",2.38
"23/08/2020 10:",2.18
"23/08/2020 11:",1.91
"23/08/2020 12:",1.695
"23/08/2020 13:",1.655
"23/08/2020 14:",1.635
"23/08/2020 15:",1.685
"23/08/2020 16:",1.72
"23/08/2020 17:",1.765
"23/08/2020 18:",1.88
"23/08/2020 19:",1.965
"23/08/2020 20:",2.035
"23/08/2020 21:",1.975
"23/08/2020 22:",1.98
"23/08/2020 23:",1.97
"24/08/2020 00:",1.675
"24/08/2020 01:",1.39
"24/08/2020 02:",1.27
"24/08/2020 03:",1.325
"24/08/2020 04:",1.37
"24/08/2020 05:",1.245
"24/08/2020 06:",1.095
"24/08/2020 07:",1.05
"24/08/2020 08:",0.994
"24/08/2020 09:",1.019
"24/08/2020 10:",0.9105
"24/08/2020 11:",0.7585
"24/08/2020 12:",0.841
"24/08/2020 13:",0.8995
"24/08/2020 14:",0.951
"24/08/2020 15:",0.9475
"24/08/2020 16:",0.887
"24/08/2020 17:",0.871
"24/08/2020 18:",0.957
"24/08/2020 19:",1.145
"24/08/2020 20:",1.24
"24/08/2020 21:",1.23
"24/08/2020 22:",1.265
"24/08/2020 23:",1.25
"25/08/2020 00:",1.16
"25/08/2020 01:",1.065
"25/08/2020 02:",0.99
"25/08/2020 03:",0.911
"25/08/2020 04:",0.814
"25/08/2020 05:",0.731
"25/08/2020 06:",0.7485
"25/08/2020 07:",0.9005
"25/08/2020 08:",0.9035
"25/08/2020 09:",0.695
"25/08/2020 10:",0.6375
"25/08/2020 11:",0.7345
"25/08/2020 12:",0.8205
"25/08/2020 13:",1.002
"25/08/2020 14:",1.23
"25/08/2020 15:",1.38
"25/08/2020 16:",1.8
"25/08/2020 17:",2.385
"25/08/2020 18:",2.72
"25/08/2020 19:",2.89
"25/08/2020 20:",2.98
"25/08/2020 21:",NA
"25/08/2020 22:",NA
"25/08/2020 23:",NA
"26/08/2020 00:",NA
"26/08/2020 01:",NA
"26/08/2020 02:",NA
"26/08/2020 03:",NA
"26/08/2020 04:",2.92
"26/08/2020 05:",2.8
"26/08/2020 06:",2.625
"26/08/2020 07:",2.555
"26/08/2020 08:",2.45
"26/08/2020 09:",2.355
"26/08/2020 10:",2.225
"26/08/2020 11:",1.99
"26/08/2020 12:",2.03111111111111
"26/08/2020 13:",2.21333333333333
"26/08/2020 14:",2.4225
"26/08/2020 15:",2.6
"26/08/2020 16:",2.645
"26/08/2020 17:",NA
"26/08/2020 18:",NA
"26/08/2020 19:",NA
"26/08/2020 20:",NA
"26/08/2020 21:",NA
"26/08/2020 22:",NA
"26/08/2020 23:",NA
"27/08/2020 00:",NA
"27/08/2020 01:",NA
"27/08/2020 02:",NA
"27/08/2020 03:",NA
"27/08/2020 04:",NA
"27/08/2020 05:",NA
"27/08/2020 06:",NA
"27/08/2020 07:",NA
"27/08/2020 08:",2.705
"27/08/2020 09:",2.5940625
"27/08/2020 10:",2.5703125
"27/08/2020 11:",2.5465625
"27/08/2020 12:",NA
"27/08/2020 13:",NA
"27/08/2020 14:",NA
"27/08/2020 15:",NA
"27/08/2020 16:",NA
"27/08/2020 17:",NA
"27/08/2020 18:",NA
"27/08/2020 19:",NA
"27/08/2020 20:",NA
"27/08/2020 21:",NA
"27/08/2020 22:",NA
"27/08/2020 23:",NA
"28/08/2020 00:",NA
"28/08/2020 01:",NA
"28/08/2020 02:",NA
"28/08/2020 03:",NA
"28/08/2020 04:",NA
"28/08/2020 05:",NA
"28/08/2020 06:",NA
"28/08/2020 07:",NA
"28/08/2020 08:",NA
"28/08/2020 09:",NA
"28/08/2020 10:",NA
"28/08/2020 11:",NA
"28/08/2020 12:",NA
"28/08/2020 13:",NA
"28/08/2020 14:",1.9053125
"28/08/2020 15:",1.8815625
"28/08/2020 16:",1.8578125
"28/08/2020 17:",1.8775
"28/08/2020 18:",2.08
"28/08/2020 19:",2.355
"28/08/2020 20:",2.3975
"28/08/2020 21:",2.5
"28/08/2020 22:",2.5825
"28/08/2020 23:",2.6
"29/08/2020 00:",2.4525
"29/08/2020 01:",2.445
"29/08/2020 02:",2.4075
"29/08/2020 03:",2.39
"29/08/2020 04:",2.2875
"29/08/2020 05:",2.3025
"29/08/2020 06:",2.1875
"29/08/2020 07:",2.105
"29/08/2020 08:",1.87
"29/08/2020 09:",1.84
"29/08/2020 10:",1.8125
"29/08/2020 11:",1.7325
"29/08/2020 12:",1.7975
"29/08/2020 13:",2.05
"29/08/2020 14:",2.265
"29/08/2020 15:",2.18
"29/08/2020 16:",2.375
"29/08/2020 17:",NA
"29/08/2020 18:",NA
"29/08/2020 19:",NA
"29/08/2020 20:",NA
"29/08/2020 21:",NA
"29/08/2020 22:",NA
"29/08/2020 23:",NA
"30/08/2020 00:",NA
"30/08/2020 01:",NA
"30/08/2020 02:",NA
"30/08/2020 03:",NA
"30/08/2020 04:",NA
"30/08/2020 05:",NA
"30/08/2020 06:",NA
"30/08/2020 07:",NA
"30/08/2020 08:",2.98
"30/08/2020 09:",2.89
"30/08/2020 10:",NA
"30/08/2020 11:",2.84
"30/08/2020 12:",2.73
"30/08/2020 13:",NA
"30/08/2020 14:",NA
"30/08/2020 15:",NA
"30/08/2020 16:",NA
"30/08/2020 17:",NA
"30/08/2020 18:",NA
"30/08/2020 19:",NA
"30/08/2020 20:",NA
"30/08/2020 21:",NA
"30/08/2020 22:",NA
"30/08/2020 23:",NA
"31/08/2020 00:",NA
"31/08/2020 01:",NA
"31/08/2020 02:",NA
"31/08/2020 03:",NA
"31/08/2020 04:",NA
"31/08/2020 05:",NA
"31/08/2020 06:",NA
"31/08/2020 07:",NA
"31/08/2020 08:",2.95
"31/08/2020 09:",NA
"31/08/2020 10:",NA
"31/08/2020 11:",NA
"31/08/2020 12:",NA
"31/08/2020 13:",NA
"31/08/2020 14:",NA
"31/08/2020 15:",NA
"31/08/2020 16:",NA
"31/08/2020 17:",NA
"31/08/2020 18:",NA
"31/08/2020 19:",NA
"31/08/2020 20:",NA
"31/08/2020 21:",NA
"31/08/2020 22:",NA
"31/08/2020 23:",NA
"01/09/2020 00:",NA
"01/09/2020 01:",NA
"01/09/2020 02:",NA
"01/09/2020 03:",2.93
"01/09/2020 04:",2.79
"01/09/2020 05:",2.72
"01/09/2020 06:",2.34
"01/09/2020 07:",2.28
"01/09/2020 08:",2.22
"01/09/2020 09:",2.34
"01/09/2020 10:",2.23
"01/09/2020 11:",2.03
"01/09/2020 12:",1.99
"01/09/2020 13:",2.23
"01/09/2020 14:",2.15
"01/09/2020 15:",2.29
"01/09/2020 16:",2.43
"01/09/2020 17:",2.93
"01/09/2020 18:",NA
"01/09/2020 19:",NA
"01/09/2020 20:",NA
"01/09/2020 21:",NA
"01/09/2020 22:",NA
"01/09/2020 23:",NA
"02/09/2020 00:",NA
"02/09/2020 01:",NA
"02/09/2020 02:",NA
"02/09/2020 03:",2.92
"02/09/2020 04:",2.81
"02/09/2020 05:",2.53
"02/09/2020 06:",2.26
"02/09/2020 07:",2.32
"02/09/2020 08:",2.26
"02/09/2020 09:",2.27
"02/09/2020 10:",2.2824
"02/09/2020 11:",2.2948
"02/09/2020 12:",2.3072
"02/09/2020 13:",NA
"02/09/2020 14:",NA
"02/09/2020 15:",NA
"02/09/2020 16:",NA
"02/09/2020 17:",NA
"02/09/2020 18:",NA
"02/09/2020 19:",NA
"02/09/2020 20:",NA
"02/09/2020 21:",NA
"02/09/2020 22:",NA
"02/09/2020 23:",NA
"03/09/2020 00:",NA
"03/09/2020 01:",NA
"03/09/2020 02:",NA
"03/09/2020 03:",NA
"03/09/2020 04:",NA
"03/09/2020 05:",NA
"03/09/2020 06:",NA
"03/09/2020 07:",2.5428
"03/09/2020 08:",2.5552
"03/09/2020 09:",2.5676
"03/09/2020 10:",2.58
"03/09/2020 11:",2.37
"03/09/2020 12:",2.37
"03/09/2020 13:",2.6
"03/09/2020 14:",2.71
"03/09/2020 15:",2.74
"03/09/2020 16:",NA
"03/09/2020 17:",NA
"03/09/2020 18:",NA
"03/09/2020 19:",NA
"03/09/2020 20:",NA
"03/09/2020 21:",NA
"03/09/2020 22:",NA
"03/09/2020 23:",NA
"04/09/2020 00:",NA
"04/09/2020 01:",NA
"04/09/2020 02:",NA
"04/09/2020 03:",NA
"04/09/2020 04:",NA
"04/09/2020 05:",NA
"04/09/2020 06:",NA
"04/09/2020 07:",NA
"04/09/2020 08:",2.92
"04/09/2020 09:",2.86
"04/09/2020 10:",2.91
"04/09/2020 11:",2.94
"04/09/2020 12:",NA
"04/09/2020 13:",NA
"04/09/2020 14:",NA
"04/09/2020 15:",NA
"04/09/2020 16:",NA
"04/09/2020 17:",NA
"04/09/2020 18:",NA
"04/09/2020 19:",NA
"04/09/2020 20:",NA
"04/09/2020 21:",NA
"04/09/2020 22:",NA
"04/09/2020 23:",NA
"05/09/2020 00:",NA
"05/09/2020 01:",NA
"05/09/2020 02:",NA
"05/09/2020 03:",NA
"05/09/2020 04:",NA
"05/09/2020 05:",NA
"05/09/2020 06:",3
"05/09/2020 07:",2.95
"05/09/2020 08:",2.75
"05/09/2020 09:",2.76
"05/09/2020 10:",2.89
"05/09/2020 11:",2.24
"05/09/2020 12:",2.32
"05/09/2020 13:",2.54
"05/09/2020 14:",2.59
"05/09/2020 15:",2.68
"05/09/2020 16:",2.8
"05/09/2020 17:",NA
"05/09/2020 18:",NA
"05/09/2020 19:",NA
"05/09/2020 20:",NA
"05/09/2020 21:",NA
"05/09/2020 22:",NA
"05/09/2020 23:",NA
"06/09/2020 00:",NA
"06/09/2020 01:",NA
"06/09/2020 02:",NA
"06/09/2020 03:",NA
"06/09/2020 04:",NA
"06/09/2020 05:",2.91
"06/09/2020 06:",2.9
"06/09/2020 07:",2.9
"06/09/2020 08:",2.51
"06/09/2020 09:",1.96
"06/09/2020 10:",2.22
"06/09/2020 11:",2.15
"06/09/2020 12:",1.86
"06/09/2020 13:",2.01
"06/09/2020 14:",1.91
"06/09/2020 15:",1.75
"06/09/2020 16:",1.66
"06/09/2020 17:",1.81
"06/09/2020 18:",1.77
"06/09/2020 19:",1.9
"06/09/2020 20:",2.2
"06/09/2020 21:",2.25
"06/09/2020 22:",2.37
"06/09/2020 23:",2.43
"07/09/2020 00:",2.14
"07/09/2020 01:",2.24
"07/09/2020 02:",2.18
"07/09/2020 03:",2.42
"07/09/2020 04:",2.22
"07/09/2020 05:",2.17
"07/09/2020 06:",1.94
"07/09/2020 07:",1.9
"07/09/2020 08:",1.69
"07/09/2020 09:",1.07
"07/09/2020 10:",1.09
"07/09/2020 11:",1
"07/09/2020 12:",0.971
"07/09/2020 13:",1.01
"07/09/2020 14:",0.956
"07/09/2020 15:",1.01
"07/09/2020 16:",1.28
"07/09/2020 17:",1.75
"07/09/2020 18:",2.14
"07/09/2020 19:",2.37
"07/09/2020 20:",2.41
"07/09/2020 21:",2.3
"07/09/2020 22:",2.49
"07/09/2020 23:",2.75
"08/09/2020 00:",2.89
"08/09/2020 01:",2.91
"08/09/2020 02:",2.87
"08/09/2020 03:",2.97
"08/09/2020 04:",2.86
"08/09/2020 05:",2.8
"08/09/2020 06:",2.68
"08/09/2020 07:",2.55
"08/09/2020 08:",2.64
"08/09/2020 09:",2.02
"08/09/2020 10:",2.11
"08/09/2020 11:",1.84
"08/09/2020 12:",1.9
"08/09/2020 13:",2.25
"08/09/2020 14:",2.28
"08/09/2020 15:",2.42
"08/09/2020 16:",2.76
"08/09/2020 17:",NA
"08/09/2020 18:",NA
"08/09/2020 19:",NA
"08/09/2020 20:",NA
"08/09/2020 21:",NA
"08/09/2020 22:",NA
"08/09/2020 23:",NA
"09/09/2020 00:",NA
"09/09/2020 01:",NA
"09/09/2020 02:",NA
"09/09/2020 03:",NA
"09/09/2020 04:",NA
"09/09/2020 05:",NA
"09/09/2020 06:",NA
"09/09/2020 07:",NA
"09/09/2020 08:",NA
"09/09/2020 09:",NA
"09/09/2020 10:",2.7
"09/09/2020 11:",2.25
"09/09/2020 12:",2.33
"09/09/2020 13:",2.72
"09/09/2020 14:",2.52
"09/09/2020 15:",2.59
"09/09/2020 16:",NA
"09/09/2020 17:",NA
"09/09/2020 18:",NA
"09/09/2020 19:",NA
"09/09/2020 20:",NA
"09/09/2020 21:",NA
"09/09/2020 22:",NA
"09/09/2020 23:",NA
"10/09/2020 00:",NA
"10/09/2020 01:",NA
"10/09/2020 02:",NA
"10/09/2020 03:",NA
"10/09/2020 04:",NA
"10/09/2020 05:",NA
"10/09/2020 06:",NA
"10/09/2020 07:",NA
"10/09/2020 08:",NA
"10/09/2020 09:",NA
"10/09/2020 10:",NA
"10/09/2020 11:",2.48
"10/09/2020 12:",2.42
"10/09/2020 13:",NA
"10/09/2020 14:",NA
"10/09/2020 15:",NA
"10/09/2020 16:",2.97
"10/09/2020 17:",NA
"10/09/2020 18:",NA
"10/09/2020 19:",NA
"10/09/2020 20:",NA
"10/09/2020 21:",NA
"10/09/2020 22:",NA
"10/09/2020 23:",NA
"11/09/2020 00:",NA
"11/09/2020 01:",NA
"11/09/2020 02:",NA
"11/09/2020 03:",NA
"11/09/2020 04:",NA
"11/09/2020 05:",NA
"11/09/2020 06:",NA
"11/09/2020 07:",NA
"11/09/2020 08:",NA
"11/09/2020 09:",NA
"11/09/2020 10:",1.27
"11/09/2020 11:",0.725
"11/09/2020 12:",0.135
"11/09/2020 13:",NA
"11/09/2020 14:",NA
"11/09/2020 15:",NA
"11/09/2020 16:",NA
"11/09/2020 17:",NA
"11/09/2020 18:",NA
"11/09/2020 19:",NA
"11/09/2020 20:",NA
"11/09/2020 21:",NA
"11/09/2020 22:",NA
"11/09/2020 23:",NA
"12/09/2020 00:",NA
"12/09/2020 01:",NA
"12/09/2020 02:",NA
"12/09/2020 03:",NA
"12/09/2020 04:",NA
"12/09/2020 05:",NA
"12/09/2020 06:",NA
"12/09/2020 07:",NA
"12/09/2020 08:",NA
"12/09/2020 09:",NA
"12/09/2020 10:",NA
"12/09/2020 11:",1.22
"12/09/2020 12:",1.38
"12/09/2020 13:",1.32
"12/09/2020 14:",1.43
"12/09/2020 15:",1.42
"12/09/2020 16:",1.67
"12/09/2020 17:",2.19
"12/09/2020 18:",2.48
"12/09/2020 19:",2.71
"12/09/2020 20:",2.74
"12/09/2020 21:",2.8
"12/09/2020 22:",2.79
"12/09/2020 23:",2.73
"13/09/2020 00:",2.75
"13/09/2020 01:",2.75
"13/09/2020 02:",2.7
"13/09/2020 03:",2.52
"13/09/2020 04:",2.36
"13/09/2020 05:",2.35
"13/09/2020 06:",2.39
"13/09/2020 07:",2.61
"13/09/2020 08:",2.52
"13/09/2020 09:",2.11
"13/09/2020 10:",2.28
"13/09/2020 11:",1.77
"13/09/2020 12:",1.6
"13/09/2020 13:",2.25
"13/09/2020 14:",1.99
"13/09/2020 15:",2.46
"13/09/2020 16:",2.58
"13/09/2020 17:",2.82
"13/09/2020 18:",NA
"13/09/2020 19:",NA
"13/09/2020 20:",NA
"13/09/2020 21:",NA
"13/09/2020 22:",NA
"13/09/2020 23:",NA
"14/09/2020 00:",NA
"14/09/2020 01:",NA
"14/09/2020 02:",NA
"14/09/2020 03:",NA
"14/09/2020 04:",3
"14/09/2020 05:",2.92
"14/09/2020 06:",2.84
"14/09/2020 07:",2.32
"14/09/2020 08:",2.3
"14/09/2020 09:",1.9
"14/09/2020 10:",1.74
"14/09/2020 11:",1.53
"14/09/2020 12:",1.45
"14/09/2020 13:",1.59
"14/09/2020 14:",1.69
"14/09/2020 15:",1.87
"14/09/2020 16:",2.09
"14/09/2020 17:",2.14
"14/09/2020 18:",2.24
"14/09/2020 19:",2.53
"14/09/2020 20:",2.48
"14/09/2020 21:",2.4
"14/09/2020 22:",2.48
"14/09/2020 23:",2.4
"15/09/2020 00:",2.35
"15/09/2020 01:",2.28
"15/09/2020 02:",2.02
"15/09/2020 03:",1.9
"15/09/2020 04:",1.74
"15/09/2020 05:",1.67
"15/09/2020 06:",1.56
"15/09/2020 07:",1.58
"15/09/2020 08:",1.62
"15/09/2020 09:",1.35
"15/09/2020 10:",1.11
"15/09/2020 11:",1.03
"15/09/2020 12:",1.06
"15/09/2020 13:",1.23
"15/09/2020 14:",1.19
"15/09/2020 15:",1.22
"15/09/2020 16:",1.34
"15/09/2020 17:",1.77
"15/09/2020 18:",2.2
"15/09/2020 19:",2.54
"15/09/2020 20:",2.57
"15/09/2020 21:",2.57
"15/09/2020 22:",2.49
"15/09/2020 23:",2.38
"16/09/2020 00:",2.43
"16/09/2020 01:",2.45
"16/09/2020 02:",2.3
"16/09/2020 03:",2.33
"16/09/2020 04:",2.12
"16/09/2020 05:",1.7
"16/09/2020 06:",2.36
"16/09/2020 07:",1.6
"16/09/2020 08:",2.14
"16/09/2020 09:",1.21
"16/09/2020 10:",2.28
"16/09/2020 11:",1.66
"16/09/2020 12:",1.17
"16/09/2020 13:",1.35
"16/09/2020 14:",1.41
"16/09/2020 15:",1.4
"16/09/2020 16:",1.8
"16/09/2020 17:",2.4
"16/09/2020 18:",2.8
"16/09/2020 19:",2.85
"16/09/2020 20:",2.82
"16/09/2020 21:",2.77
"16/09/2020 22:",2.84
"16/09/2020 23:",2.97
"17/09/2020 00:",NA
"17/09/2020 01:",2.98
"17/09/2020 02:",2.74
"17/09/2020 03:",2.96
"17/09/2020 04:",2.64
"17/09/2020 05:",2.42
"17/09/2020 06:",2.37
"17/09/2020 07:",2.31
"17/09/2020 08:",1.99
"17/09/2020 09:",1.49
"17/09/2020 10:",1.37
"17/09/2020 11:",1.26
"17/09/2020 12:",1.235
"17/09/2020 13:",1.4725
"17/09/2020 14:",1.6975
"17/09/2020 15:",1.77
"17/09/2020 16:",2.0825
"17/09/2020 17:",2.53
"17/09/2020 18:",2.495
"17/09/2020 19:",2.7425
"17/09/2020 20:",2.7075
"17/09/2020 21:",2.6725
"17/09/2020 22:",2.72
"17/09/2020 23:",2.8275
"18/09/2020 00:",2.73
"18/09/2020 01:",2.54
"18/09/2020 02:",2.515
"18/09/2020 03:",2.5275
"18/09/2020 04:",2.46
"18/09/2020 05:",2.295
"18/09/2020 06:",2.2825
"18/09/2020 07:",2.0925
"18/09/2020 08:",1.8525
"18/09/2020 09:",1.2975
"18/09/2020 10:",1.2825
"18/09/2020 11:",1.15
"18/09/2020 12:",1.0975
"18/09/2020 13:",1.225
"18/09/2020 14:",1.57
"18/09/2020 15:",1.715
"18/09/2020 16:",2.025
"18/09/2020 17:",2.4925
"18/09/2020 18:",2.6175
"18/09/2020 19:",2.7125
"18/09/2020 20:",2.74
"18/09/2020 21:",2.6875
"18/09/2020 22:",2.7
"18/09/2020 23:",2.8575
"19/09/2020 00:",2.535
"19/09/2020 01:",2.4225
"19/09/2020 02:",2.6825
"19/09/2020 03:",2.425
"19/09/2020 04:",2.3675
"19/09/2020 05:",2.3175
"19/09/2020 06:",2.0475
"19/09/2020 07:",2.1675
"19/09/2020 08:",1.9475
"19/09/2020 09:",1.2925
"19/09/2020 10:",1.42
"19/09/2020 11:",1.1875
"19/09/2020 12:",1.405
"19/09/2020 13:",1.785
"19/09/2020 14:",2.02
"19/09/2020 15:",2.065
"19/09/2020 16:",1.96
"19/09/2020 17:",2.305
"19/09/2020 18:",2.37
"19/09/2020 19:",2.7025
"19/09/2020 20:",2.7525
"19/09/2020 21:",2.86
"19/09/2020 22:",2.755
"19/09/2020 23:",2.6675
"20/09/2020 00:",2.82
"20/09/2020 01:",2.7825
"20/09/2020 02:",2.635
"20/09/2020 03:",2.6975
"20/09/2020 04:",2.335
"20/09/2020 05:",2.27
"20/09/2020 06:",2.525
"20/09/2020 07:",2.4
"20/09/2020 08:",2.42666666666667
"20/09/2020 09:",2.41333333333333
"20/09/2020 10:",2.4
"20/09/2020 11:",1.62
"20/09/2020 12:",1.8
"20/09/2020 13:",1.88
"20/09/2020 14:",1.94
"20/09/2020 15:",2.12
"20/09/2020 16:",1.95
"20/09/2020 17:",2.28
"20/09/2020 18:",2.45
"20/09/2020 19:",2.45
"20/09/2020 20:",2.45
"20/09/2020 21:",2.45
"20/09/2020 22:",2.3975
"20/09/2020 23:",2.3575
"21/09/2020 00:",2.1925
"21/09/2020 01:",2.0425
"21/09/2020 02:",1.8975
"21/09/2020 03:",1.7175
"21/09/2020 04:",1.865
"21/09/2020 05:",1.7875
"21/09/2020 06:",1.71
"21/09/2020 07:",1.6775
"21/09/2020 08:",1.49
"21/09/2020 09:",1.31333333333333
"21/09/2020 10:",1.15777777777778
"21/09/2020 11:",1.065
"21/09/2020 12:",1.04
"21/09/2020 13:",1.07
"21/09/2020 14:",1.125
"21/09/2020 15:",1.18
"21/09/2020 16:",1.235
"21/09/2020 17:",1.47
"21/09/2020 18:",1.84
"21/09/2020 19:",2.07
"21/09/2020 20:",2.05
"21/09/2020 21:",2.06
"21/09/2020 22:",2.055
"21/09/2020 23:",1.905
"22/09/2020 00:",1.95
"22/09/2020 01:",1.82
"22/09/2020 02:",1.87
"22/09/2020 03:",1.785
"22/09/2020 04:",1.475
"22/09/2020 05:",1.755
"22/09/2020 06:",1.86
"22/09/2020 07:",1.61
"22/09/2020 08:",1.385
"22/09/2020 09:",1.18
"22/09/2020 10:",1.05
"22/09/2020 11:",1.15
"22/09/2020 12:",1.505
"22/09/2020 13:",1.725
"22/09/2020 14:",1.7925
"22/09/2020 15:",1.9175
"22/09/2020 16:",2.105
"22/09/2020 17:",2.32
"22/09/2020 18:",2.505
"22/09/2020 19:",2.685
"22/09/2020 20:",2.62
"22/09/2020 21:",2.49666666666667
"22/09/2020 22:",2.55
"22/09/2020 23:",2.60333333333333
"23/09/2020 00:",2.65666666666667
"23/09/2020 01:",2.71
"23/09/2020 02:",2.74
"23/09/2020 03:",2.34
"23/09/2020 04:",2.44285714285714
"23/09/2020 05:",2.545
"23/09/2020 06:",2.625
"23/09/2020 07:",2.5025
"23/09/2020 08:",2.0925
"23/09/2020 09:",2.08444444444444
"23/09/2020 10:",2.02222222222222
"23/09/2020 11:",1.96
"23/09/2020 12:",1.61
"23/09/2020 13:",1.81
"23/09/2020 14:",2.01
"23/09/2020 15:",2.06
"23/09/2020 16:",2.255
"23/09/2020 17:",2.485
"23/09/2020 18:",2.7125
"23/09/2020 19:",2.8975
"23/09/2020 20:",2.8425
"23/09/2020 21:",2.84
"23/09/2020 22:",2.8275
"23/09/2020 23:",2.67
"24/09/2020 00:",2.6725
"24/09/2020 01:",2.585
"24/09/2020 02:",2.7075
"24/09/2020 03:",2.595
"24/09/2020 04:",2.4425
"24/09/2020 05:",2.3575
"24/09/2020 06:",2.4
"24/09/2020 07:",2.09
"24/09/2020 08:",2.325
"24/09/2020 09:",1.7875
"24/09/2020 10:",1.5775
"24/09/2020 11:",1.595
"24/09/2020 12:",1.67285714285714
"24/09/2020 13:",1.77
"24/09/2020 14:",1.71857142857143
"24/09/2020 15:",1.6975
"24/09/2020 16:",1.955
"24/09/2020 17:",2.5575
"24/09/2020 18:",2.59
"24/09/2020 19:",2.905
"24/09/2020 20:",NA
"24/09/2020 21:",2.635
"24/09/2020 22:",2.575
"24/09/2020 23:",2.565
"25/09/2020 00:",2.63
"25/09/2020 01:",2.48181818181818
"25/09/2020 02:",2.36909090909091
"25/09/2020 03:",2.25636363636364
"25/09/2020 04:",2.295
"25/09/2020 05:",2.38428571428571
"25/09/2020 06:",2.37285714285714
"25/09/2020 07:",2.3925
"25/09/2020 08:",2.3325
"25/09/2020 09:",2.9625
"25/09/2020 10:",2.39142857142857
"25/09/2020 11:",1.34
"25/09/2020 12:",1.45
"25/09/2020 13:",1.55
"25/09/2020 14:",1.93
"25/09/2020 15:",1.97
"25/09/2020 16:",2.41
"25/09/2020 17:",2.53
"25/09/2020 18:",2.62
"25/09/2020 19:",2.82
"25/09/2020 20:",2.83
"25/09/2020 21:",2.79
"25/09/2020 22:",2.62
"25/09/2020 23:",2.5
"26/09/2020 00:",2.69
"26/09/2020 01:",2.76
"26/09/2020 02:",2.57
"26/09/2020 03:",2.37
"26/09/2020 04:",2.35
"26/09/2020 05:",2.06
"26/09/2020 06:",2.15
"26/09/2020 07:",2.04
"26/09/2020 08:",2.14
"26/09/2020 09:",1.51
"26/09/2020 10:",1.76
"26/09/2020 11:",1.27
"26/09/2020 12:",1.92
"26/09/2020 13:",2.51
"26/09/2020 14:",2.83
"26/09/2020 15:",NA
"26/09/2020 16:",NA
"26/09/2020 17:",NA
"26/09/2020 18:",NA
"26/09/2020 19:",NA
"26/09/2020 20:",NA
"26/09/2020 21:",NA
"26/09/2020 22:",NA
"26/09/2020 23:",NA
"27/09/2020 00:",NA
"27/09/2020 01:",NA
"27/09/2020 02:",NA
"27/09/2020 03:",NA
"27/09/2020 04:",2.89
"27/09/2020 05:",2.7375
"27/09/2020 06:",2.7925
"27/09/2020 07:",2.7975
"27/09/2020 08:",2.8575
"27/09/2020 09:",2.655
"27/09/2020 10:",2.655
"27/09/2020 11:",2.86
"27/09/2020 12:",2.9425
"27/09/2020 13:",NA
"27/09/2020 14:",NA
"27/09/2020 15:",NA
"27/09/2020 16:",NA
"27/09/2020 17:",NA
"27/09/2020 18:",NA
"27/09/2020 19:",NA
"27/09/2020 20:",NA
"27/09/2020 21:",NA
"27/09/2020 22:",NA
"27/09/2020 23:",NA
"28/09/2020 00:",NA
"28/09/2020 01:",NA
"28/09/2020 02:",NA
"28/09/2020 03:",NA
"28/09/2020 04:",NA
"28/09/2020 05:",NA
"28/09/2020 06:",2.9525
"28/09/2020 07:",NA
"28/09/2020 08:",NA
"28/09/2020 09:",2.895
"28/09/2020 10:",2.5325
"28/09/2020 11:",2.0975
"28/09/2020 12:",2.035
"28/09/2020 13:",2.119
"28/09/2020 14:",2.211
"28/09/2020 15:",2.24
"28/09/2020 16:",2.375
"28/09/2020 17:",NA
"28/09/2020 18:",NA
"28/09/2020 19:",NA
"28/09/2020 20:",NA
"28/09/2020 21:",NA
"28/09/2020 22:",NA
"28/09/2020 23:",2.84
"29/09/2020 00:",2.7225
"29/09/2020 01:",2.625
"29/09/2020 02:",2.5375
"29/09/2020 03:",2.3725
"29/09/2020 04:",2.2525
"29/09/2020 05:",2.21
"29/09/2020 06:",2.0675
"29/09/2020 07:",1.85
"29/09/2020 08:",1.9025
"29/09/2020 09:",1.7475
"29/09/2020 10:",1.6175
"29/09/2020 11:",1.595
"29/09/2020 12:",1.5525
"29/09/2020 13:",1.5575
"29/09/2020 14:",1.55
"29/09/2020 15:",1.555
"29/09/2020 16:",1.56
"29/09/2020 17:",1.61
"29/09/2020 18:",1.84
"29/09/2020 19:",1.8575
"29/09/2020 20:",1.97
"29/09/2020 21:",1.8825
"29/09/2020 22:",1.8675
"29/09/2020 23:",1.8025
"30/09/2020 00:",1.785
"30/09/2020 01:",1.7125
"30/09/2020 02:",1.68
"30/09/2020 03:",1.5525
"30/09/2020 04:",1.5425
"30/09/2020 05:",1.59
"30/09/2020 06:",1.6125
"30/09/2020 07:",1.5875
"30/09/2020 08:",1.555
"30/09/2020 09:",1.4925
"30/09/2020 10:",1.52
"30/09/2020 11:",1.4875
"30/09/2020 12:",1.49
"30/09/2020 13:",1.5325
"30/09/2020 14:",1.6225
"30/09/2020 15:",1.805
"30/09/2020 16:",2.0275
"30/09/2020 17:",2.51
"30/09/2020 18:",2.6975
"30/09/2020 19:",2.9125
"30/09/2020 20:",2.9525
"30/09/2020 21:",2.92
"30/09/2020 22:",2.8025
"30/09/2020 23:",2.7625
"01/10/2020 00:",2.6075
"01/10/2020 01:",2.54
"01/10/2020 02:",2.4475
"01/10/2020 03:",2.415
"01/10/2020 04:",2.32
"01/10/2020 05:",2.2325
"01/10/2020 06:",2.135
"01/10/2020 07:",2.1025
"01/10/2020 08:",2.055
"01/10/2020 09:",1.8075
"01/10/2020 10:",1.765
"01/10/2020 11:",1.57
"01/10/2020 12:",1.6325
"01/10/2020 13:",1.86
"01/10/2020 14:",2.0275
"01/10/2020 15:",2.225
"01/10/2020 16:",2.54
"01/10/2020 17:",2.9775
"01/10/2020 18:",2.9925
"01/10/2020 19:",NA
"01/10/2020 20:",NA
"01/10/2020 21:",NA
"01/10/2020 22:",NA
"01/10/2020 23:",NA
"02/10/2020 00:",2.955
"02/10/2020 01:",2.88
"02/10/2020 02:",2.6975
"02/10/2020 03:",2.665
"02/10/2020 04:",2.54
"02/10/2020 05:",2.39
"02/10/2020 06:",2.3575
"02/10/2020 07:",2.24
"02/10/2020 08:",2.1275
"02/10/2020 09:",2.045
"02/10/2020 10:",2.215
"02/10/2020 11:",1.995
"02/10/2020 12:",1.85
"02/10/2020 13:",1.9725
"02/10/2020 14:",2.215
"02/10/2020 15:",2.385
"02/10/2020 16:",2.4975
"02/10/2020 17:",2.51
"02/10/2020 18:",1.565
"02/10/2020 19:",1.245
"02/10/2020 20:",1.2725
"02/10/2020 21:",1.3975
"02/10/2020 22:",1.3675
"02/10/2020 23:",1.28
"03/10/2020 00:",1.2325
"03/10/2020 01:",1.275
"03/10/2020 02:",1.2675
"03/10/2020 03:",1.2025
"03/10/2020 04:",1.21
"03/10/2020 05:",1.2075
"03/10/2020 06:",1.195
"03/10/2020 07:",1.18
"03/10/2020 08:",1.18
"03/10/2020 09:",1.18
"03/10/2020 10:",1.2175
"03/10/2020 11:",1.3125
"03/10/2020 12:",1.2575
"03/10/2020 13:",1.2425
"03/10/2020 14:",1.215
"03/10/2020 15:",1.2075
"03/10/2020 16:",1.225
"03/10/2020 17:",1.2025
"03/10/2020 18:",1.18
"03/10/2020 19:",1.1775
"03/10/2020 20:",1.1625
"03/10/2020 21:",1.14
"03/10/2020 22:",1.1425
"03/10/2020 23:",1.15
"04/10/2020 00:",1.1475
"04/10/2020 01:",1.1325
"04/10/2020 02:",1.1125
"04/10/2020 03:",1.1225
"04/10/2020 04:",1.13
"04/10/2020 05:",1.13
"04/10/2020 06:",1.13
"04/10/2020 07:",1.1325
"04/10/2020 08:",1.1425
"04/10/2020 09:",1.16
"04/10/2020 10:",1.1825
"04/10/2020 11:",1.1575
"04/10/2020 12:",1.155
"04/10/2020 13:",1.1675
"04/10/2020 14:",1.1875
"04/10/2020 15:",1.2575
"04/10/2020 16:",1.22
"04/10/2020 17:",1.215
"04/10/2020 18:",1.2775
"04/10/2020 19:",1.4725
"04/10/2020 20:",1.37
"04/10/2020 21:",1.455
"04/10/2020 22:",1.5175
"04/10/2020 23:",1.2025
"05/10/2020 00:",1.16
"05/10/2020 01:",1.1025
"05/10/2020 02:",1.1075
"05/10/2020 03:",1.1125
"05/10/2020 04:",1.135
"05/10/2020 05:",1.0825
"05/10/2020 06:",1.0625
"05/10/2020 07:",1.07
"05/10/2020 08:",1.065
"05/10/2020 09:",1.0825
"05/10/2020 10:",1.155
"05/10/2020 11:",1.085
"05/10/2020 12:",1.1375
"05/10/2020 13:",1.255
"05/10/2020 14:",1.255
"05/10/2020 15:",1.2225
"05/10/2020 16:",1.3275
"05/10/2020 17:",1.66
"05/10/2020 18:",2.01
"05/10/2020 19:",1.9375
"05/10/2020 20:",2.04
"05/10/2020 21:",1.84571428571429
"05/10/2020 22:",1.54857142857143
"05/10/2020 23:",1.3
"06/10/2020 00:",1.24
"06/10/2020 01:",1.205
"06/10/2020 02:",1.155
"06/10/2020 03:",1.24
"06/10/2020 04:",1.325
"06/10/2020 05:",1.265
"06/10/2020 06:",1.135
"06/10/2020 07:",1.08
"06/10/2020 08:",1.075
"06/10/2020 09:",1.13
"06/10/2020 10:",1.155
"06/10/2020 11:",1.15
"06/10/2020 12:",1.18
"06/10/2020 13:",1.175
"06/10/2020 14:",1.15
"06/10/2020 15:",1.17
"06/10/2020 16:",1.46
"06/10/2020 17:",1.84
"06/10/2020 18:",1.945
"06/10/2020 19:",1.805
"06/10/2020 20:",1.835
"06/10/2020 21:",1.91
"06/10/2020 22:",1.76
"06/10/2020 23:",1.47
"07/10/2020 00:",1.25
"07/10/2020 01:",1.225
"07/10/2020 02:",1.205
"07/10/2020 03:",1.18
"07/10/2020 04:",1.105
"07/10/2020 05:",1.1
"07/10/2020 06:",1.125
"07/10/2020 07:",1.15
"07/10/2020 08:",1.2025
"07/10/2020 09:",1.2275
"07/10/2020 10:",1.185
"07/10/2020 11:",1.14
"07/10/2020 12:",1.15
"07/10/2020 13:",1.235
"07/10/2020 14:",1.265
"07/10/2020 15:",1.205
"07/10/2020 16:",1.0255
"07/10/2020 17:",1.0455
"07/10/2020 18:",1.255
"07/10/2020 19:",1.1015
"07/10/2020 20:",0.945
"07/10/2020 21:",1.0085
"07/10/2020 22:",0.871
"07/10/2020 23:",0.723
"08/10/2020 00:",0.873
"08/10/2020 01:",0.8775
"08/10/2020 02:",0.8
"08/10/2020 03:",0.687
"08/10/2020 04:",0.5225
"08/10/2020 05:",0.4475
"08/10/2020 06:",0.4235
"08/10/2020 07:",0.465
"08/10/2020 08:",0.4985
"08/10/2020 09:",0.511
"08/10/2020 10:",0.4825
"08/10/2020 11:",0.4305
"08/10/2020 12:",0.438
"08/10/2020 13:",0.4865
"08/10/2020 14:",0.528
"08/10/2020 15:",0.5175
"08/10/2020 16:",0.9535
"08/10/2020 17:",1.305
"08/10/2020 18:",1.17
"08/10/2020 19:",1.255
"08/10/2020 20:",1.31
"08/10/2020 21:",0.9915
"08/10/2020 22:",0.759
"08/10/2020 23:",0.682
"09/10/2020 00:",0.563
"09/10/2020 01:",0.528
"09/10/2020 02:",0.489
"09/10/2020 03:",0.4475
"09/10/2020 04:",0.412
"09/10/2020 05:",0.4375
"09/10/2020 06:",0.4685
"09/10/2020 07:",0.47
"09/10/2020 08:",0.435
"09/10/2020 09:",0.4975
"09/10/2020 10:",0.4805
"09/10/2020 11:",0.3915
"09/10/2020 12:",0.4715
"09/10/2020 13:",0.4985
"09/10/2020 14:",0.454
"09/10/2020 15:",0.484
"09/10/2020 16:",0.7365
"09/10/2020 17:",1.056
"09/10/2020 18:",1.205
"09/10/2020 19:",1.45
"09/10/2020 20:",1.385
"09/10/2020 21:",1.125
"09/10/2020 22:",1.047
"09/10/2020 23:",1.097
"10/10/2020 00:",1.185
"10/10/2020 01:",0.8005
"10/10/2020 02:",0.526
"10/10/2020 03:",0.5225
"10/10/2020 04:",0.485
"10/10/2020 05:",0.512
"10/10/2020 06:",0.4765
"10/10/2020 07:",0.4125
"10/10/2020 08:",0.4275
"10/10/2020 09:",0.4675
"10/10/2020 10:",0.4395
"10/10/2020 11:",0.4185
"10/10/2020 12:",0.4415
"10/10/2020 13:",0.47
"10/10/2020 14:",0.487
"10/10/2020 15:",0.508
"10/10/2020 16:",0.556
"10/10/2020 17:",0.6035
"10/10/2020 18:",0.7365
"10/10/2020 19:",0.754
"10/10/2020 20:",0.6465
"10/10/2020 21:",0.6955
"10/10/2020 22:",0.6415
"10/10/2020 23:",0.5685
"11/10/2020 00:",0.618
"11/10/2020 01:",0.6085
"11/10/2020 02:",0.445
"11/10/2020 03:",0.39
"11/10/2020 04:",0.4065
"11/10/2020 05:",0.373
"11/10/2020 06:",0.395
"11/10/2020 07:",0.3805
"11/10/2020 08:",0.396
"11/10/2020 09:",0.42
"11/10/2020 10:",0.406444444444444
"11/10/2020 11:",0.375333333333333
"11/10/2020 12:",0.37875
"11/10/2020 13:",0.43925
"11/10/2020 14:",0.4055
"11/10/2020 15:",0.469
"11/10/2020 16:",0.478
"11/10/2020 17:",0.614
"11/10/2020 18:",0.575
"11/10/2020 19:",0.518
"11/10/2020 20:",0.4655
"11/10/2020 21:",0.52725
"11/10/2020 22:",0.7425
"11/10/2020 23:",0.39125
"12/10/2020 00:",0.39125
"12/10/2020 01:",0.3795
"12/10/2020 02:",0.45275
"12/10/2020 03:",0.4295
"12/10/2020 04:",0.3945
"12/10/2020 05:",0.33175
"12/10/2020 06:",0.3395
"12/10/2020 07:",0.349
"12/10/2020 08:",0.35175
"12/10/2020 09:",0.36475
"12/10/2020 10:",0.43175
"12/10/2020 11:",0.43
"12/10/2020 12:",0.436
"12/10/2020 13:",0.43725
"12/10/2020 14:",0.43925
"12/10/2020 15:",0.4385
"12/10/2020 16:",0.44975
"12/10/2020 17:",0.4615
"12/10/2020 18:",0.66025
"12/10/2020 19:",1.14
"12/10/2020 20:",1.31
"12/10/2020 21:",1.27525
"12/10/2020 22:",0.973
"12/10/2020 23:",0.92775
"13/10/2020 00:",0.8905
"13/10/2020 01:",0.69675
"13/10/2020 02:",0.673
"13/10/2020 03:",0.619
"13/10/2020 04:",0.558
"13/10/2020 05:",0.44625
"13/10/2020 06:",0.35025
"13/10/2020 07:",0.388
"13/10/2020 08:",0.2906
"13/10/2020 09:",0.2028
"13/10/2020 10:",0.98075
"13/10/2020 11:",1.8675
"13/10/2020 12:",1.81
"13/10/2020 13:",1.76
"13/10/2020 14:",1.7775
"13/10/2020 15:",1.73
"13/10/2020 16:",1.7425
"13/10/2020 17:",1.89
"13/10/2020 18:",1.9375
"13/10/2020 19:",1.915
"13/10/2020 20:",1.9375
"13/10/2020 21:",1.8425
"13/10/2020 22:",1.735
"13/10/2020 23:",1.66
"14/10/2020 00:",1.65
"14/10/2020 01:",1.6225
"14/10/2020 02:",1.6375
"14/10/2020 03:",1.655
"14/10/2020 04:",1.64
"14/10/2020 05:",1.64
"14/10/2020 06:",1.6575
"14/10/2020 07:",1.7025
"14/10/2020 08:",1.67
"14/10/2020 09:",1.72
"14/10/2020 10:",1.9175
"14/10/2020 11:",1.795
"14/10/2020 12:",1.80285714285714
"14/10/2020 13:",1.77428571428571
"14/10/2020 14:",1.765
"14/10/2020 15:",1.825
"14/10/2020 16:",1.955
"14/10/2020 17:",2.005
"14/10/2020 18:",1.935
"14/10/2020 19:",1.88
"14/10/2020 20:",1.865
"14/10/2020 21:",1.8
"14/10/2020 22:",1.72
"14/10/2020 23:",1.67
"15/10/2020 00:",1.64
"15/10/2020 01:",1.6375
"15/10/2020 02:",1.6325
"15/10/2020 03:",1.615
"15/10/2020 04:",1.59
"15/10/2020 05:",1.59
"15/10/2020 06:",1.595
"15/10/2020 07:",1.605
"15/10/2020 08:",1.6
"15/10/2020 09:",1.745
"15/10/2020 10:",1.82
"15/10/2020 11:",1.735
"15/10/2020 12:",1.74
"15/10/2020 13:",1.725
"15/10/2020 14:",1.715
"15/10/2020 15:",1.74
"15/10/2020 16:",1.91
"15/10/2020 17:",1.975
"15/10/2020 18:",2.03
"15/10/2020 19:",2.07
"15/10/2020 20:",1.995
"15/10/2020 21:",1.855
"15/10/2020 22:",1.675
"15/10/2020 23:",1.65
"16/10/2020 00:",1.63
"16/10/2020 01:",1.615
"16/10/2020 02:",1.605
"16/10/2020 03:",1.6
"16/10/2020 04:",1.62
"16/10/2020 05:",1.615
"16/10/2020 06:",1.615
"16/10/2020 07:",1.63
"16/10/2020 08:",1.615
"16/10/2020 09:",1.75
"16/10/2020 10:",1.81
"16/10/2020 11:",1.74
"16/10/2020 12:",1.735
"16/10/2020 13:",1.735
"16/10/2020 14:",1.725
"16/10/2020 15:",1.705
"16/10/2020 16:",1.885
"16/10/2020 17:",2.16
"16/10/2020 18:",2.18
"16/10/2020 19:",2.045
"16/10/2020 20:",2.06
"16/10/2020 21:",2
"16/10/2020 22:",1.815
"16/10/2020 23:",1.71
"17/10/2020 00:",1.76
"17/10/2020 01:",1.75
"17/10/2020 02:",1.62
"17/10/2020 03:",1.605
"17/10/2020 04:",1.59
"17/10/2020 05:",1.58
"17/10/2020 06:",1.595
"17/10/2020 07:",1.615
"17/10/2020 08:",1.605
"17/10/2020 09:",1.73
"17/10/2020 10:",1.825
"17/10/2020 11:",1.75
"17/10/2020 12:",1.735
"17/10/2020 13:",1.735
"17/10/2020 14:",1.695
"17/10/2020 15:",1.68
"17/10/2020 16:",1.82
"17/10/2020 17:",1.9
"17/10/2020 18:",1.855
"17/10/2020 19:",1.82
"17/10/2020 20:",1.815
"17/10/2020 21:",1.725
"17/10/2020 22:",1.645
"17/10/2020 23:",1.66
"18/10/2020 00:",1.64
"18/10/2020 01:",1.61
"18/10/2020 02:",1.585
"18/10/2020 03:",1.58
"18/10/2020 04:",1.57
"18/10/2020 05:",1.575
"18/10/2020 06:",1.58
"18/10/2020 07:",1.585
"18/10/2020 08:",1.585
"18/10/2020 09:",1.635
"18/10/2020 10:",1.775
"18/10/2020 11:",1.81
"18/10/2020 12:",1.755
"18/10/2020 13:",1.73
"18/10/2020 14:",1.705
"18/10/2020 15:",1.735
"18/10/2020 16:",1.84
"18/10/2020 17:",2.05
"18/10/2020 18:",2.115
"18/10/2020 19:",1.99
"18/10/2020 20:",2.015
"18/10/2020 21:",2.02
"18/10/2020 22:",1.9
"18/10/2020 23:",1.87
"19/10/2020 00:",1.76
"19/10/2020 01:",1.675
"19/10/2020 02:",1.71
"19/10/2020 03:",1.675
"19/10/2020 04:",1.655
"19/10/2020 05:",1.63
"19/10/2020 06:",1.615
"19/10/2020 07:",1.6
"19/10/2020 08:",1.61
"19/10/2020 09:",1.67
"19/10/2020 10:",1.75
"19/10/2020 11:",1.765
"19/10/2020 12:",1.715
"19/10/2020 13:",1.685
"19/10/2020 14:",1.675
"19/10/2020 15:",1.675
"19/10/2020 16:",1.965
"19/10/2020 17:",2.215
"19/10/2020 18:",2.12
"19/10/2020 19:",2.08
"19/10/2020 20:",2.215
"19/10/2020 21:",2.29
"19/10/2020 22:",1.975
"19/10/2020 23:",1.755
"20/10/2020 00:",1.68
"20/10/2020 01:",1.57
"20/10/2020 02:",1.55
"20/10/2020 03:",1.57
"20/10/2020 04:",1.555
"20/10/2020 05:",1.545
"20/10/2020 06:",1.575
"20/10/2020 07:",1.54
"20/10/2020 08:",1.585
"20/10/2020 09:",1.675
"20/10/2020 10:",1.675
"20/10/2020 11:",1.62
"20/10/2020 12:",1.58
"20/10/2020 13:",1.565
"20/10/2020 14:",1.6
"20/10/2020 15:",1.655
"20/10/2020 16:",1.94
"20/10/2020 17:",2.595
"20/10/2020 18:",NA
"20/10/2020 19:",NA
"20/10/2020 20:",NA
"20/10/2020 21:",2.875
"20/10/2020 22:",2.895
"20/10/2020 23:",2.985
"21/10/2020 00:",2.82
"21/10/2020 01:",2.45
"21/10/2020 02:",2.255
"21/10/2020 03:",2.175
"21/10/2020 04:",2.16
"21/10/2020 05:",2
"21/10/2020 06:",1.77
"21/10/2020 07:",1.875
"21/10/2020 08:",1.915
"21/10/2020 09:",1.95
"21/10/2020 10:",1.985
"21/10/2020 11:",1.875
"21/10/2020 12:",1.925
"21/10/2020 13:",2.055
"21/10/2020 14:",2.145
"21/10/2020 15:",1.92
"21/10/2020 16:",1.87
"21/10/2020 17:",2.19
"21/10/2020 18:",2.37
"21/10/2020 19:",2.51
"21/10/2020 20:",2.345
"21/10/2020 21:",2.13
"21/10/2020 22:",2.35
"21/10/2020 23:",2.23
"22/10/2020 00:",1.96
"22/10/2020 01:",1.75
"22/10/2020 02:",1.43
"22/10/2020 03:",1.415
"22/10/2020 04:",1.63
"22/10/2020 05:",1.71
"22/10/2020 06:",1.6
"22/10/2020 07:",1.595
"22/10/2020 08:",1.465
"22/10/2020 09:",1.35
"22/10/2020 10:",1.305
"22/10/2020 11:",1.12
"22/10/2020 12:",1.085
"22/10/2020 13:",1.27
"22/10/2020 14:",1.31
"22/10/2020 15:",1.26
"22/10/2020 16:",1.715
"22/10/2020 17:",2.14
"22/10/2020 18:",2.315
"22/10/2020 19:",2.52
"22/10/2020 20:",2.475
"22/10/2020 21:",2.355
"22/10/2020 22:",2.24
"22/10/2020 23:",2.185
"23/10/2020 00:",2.055
"23/10/2020 01:",2.075
"23/10/2020 02:",2.005
"23/10/2020 03:",1.79
"23/10/2020 04:",1.82
"23/10/2020 05:",1.8
"23/10/2020 06:",1.705
"23/10/2020 07:",1.73
"23/10/2020 08:",1.865
"23/10/2020 09:",1.735
"23/10/2020 10:",1.49
"23/10/2020 11:",1.515
"23/10/2020 12:",1.61
"23/10/2020 13:",1.575
"23/10/2020 14:",1.575
"23/10/2020 15:",1.695
"23/10/2020 16:",2.02
"23/10/2020 17:",2.24
"23/10/2020 18:",2.275
"23/10/2020 19:",2.16
"23/10/2020 20:",1.97
"23/10/2020 21:",2.08
"23/10/2020 22:",2.23
"23/10/2020 23:",2.29
"24/10/2020 00:",2.045
"24/10/2020 01:",1.785
"24/10/2020 02:",1.8
"24/10/2020 03:",1.68
"24/10/2020 04:",1.625
"24/10/2020 05:",1.43
"24/10/2020 06:",1.16
"24/10/2020 07:",1.095
"24/10/2020 08:",1.13444444444444
"24/10/2020 09:",1.26333333333333
"24/10/2020 10:",1.345
"24/10/2020 11:",1.285
"24/10/2020 12:",1.2925
"24/10/2020 13:",1.345
"24/10/2020 14:",1.525
"24/10/2020 15:",1.7375
"24/10/2020 16:",2.03
"24/10/2020 17:",2.11
"24/10/2020 18:",2.35
"24/10/2020 19:",2.64
"24/10/2020 20:",2.3275
"24/10/2020 21:",2.4025
"24/10/2020 22:",2.305
"24/10/2020 23:",2.235
"25/10/2020 00:",1.8925
"25/10/2020 01:",2.305
"25/10/2020 02:",2.615
"25/10/2020 02:",2.795
"25/10/2020 03:",2.7125
"25/10/2020 04:",2.19
"25/10/2020 05:",1.85
"25/10/2020 06:",1.835
"25/10/2020 07:",1.475
"25/10/2020 08:",1.62
"25/10/2020 09:",1.38
"25/10/2020 10:",1.25848
"25/10/2020 11:",1.24312
"25/10/2020 12:",1.22776
"25/10/2020 13:",NA
"25/10/2020 14:",NA
"25/10/2020 15:",NA
"25/10/2020 16:",NA
"25/10/2020 17:",NA
"25/10/2020 18:",NA
"25/10/2020 19:",NA
"25/10/2020 20:",NA
"25/10/2020 21:",NA
"25/10/2020 22:",NA
"25/10/2020 23:",NA
"26/10/2020 00:",NA
"26/10/2020 01:",NA
"26/10/2020 02:",NA
"26/10/2020 03:",NA
"26/10/2020 04:",NA
"26/10/2020 05:",NA
"26/10/2020 06:",NA
"26/10/2020 07:",NA
"26/10/2020 08:",0.92056
"26/10/2020 09:",0.9052
"26/10/2020 10:",0.88984
"26/10/2020 11:",0.874
"26/10/2020 12:",0.9225
"26/10/2020 13:",1.045
"26/10/2020 14:",1.065
"26/10/2020 15:",1.045
"26/10/2020 16:",1.25
"26/10/2020 17:",1.86
"26/10/2020 18:",1.89
"26/10/2020 19:",1.8475
"26/10/2020 20:",1.8575
"26/10/2020 21:",1.8
"26/10/2020 22:",2.0425
"26/10/2020 23:",2.2275
"27/10/2020 00:",1.6525
"27/10/2020 01:",1.6075
"27/10/2020 02:",1.3975
"27/10/2020 03:",1.4375
"27/10/2020 04:",1.54
"27/10/2020 05:",1.485
"27/10/2020 06:",1.49
"27/10/2020 07:",1.275
"27/10/2020 08:",1.1025
"27/10/2020 09:",1.07
"27/10/2020 10:",1.0625
"27/10/2020 11:",0.955
"27/10/2020 12:",1.1525
"27/10/2020 13:",1.1475
"27/10/2020 14:",1.285
"27/10/2020 15:",1.4225
"27/10/2020 16:",1.72
"27/10/2020 17:",2.08
"27/10/2020 18:",1.9525
"27/10/2020 19:",1.5575
"27/10/2020 20:",1.5325
"27/10/2020 21:",1.29
"27/10/2020 22:",1.35
"27/10/2020 23:",1.16
"28/10/2020 00:",1.2
"28/10/2020 01:",1.2625
"28/10/2020 02:",0.9505
"28/10/2020 03:",0.829
"28/10/2020 04:",0.88475
"28/10/2020 05:",0.86
"28/10/2020 06:",0.8345
"28/10/2020 07:",0.98775
"28/10/2020 08:",0.89825
"28/10/2020 09:",0.86975
"28/10/2020 10:",0.879
"28/10/2020 11:",0.8785
"28/10/2020 12:",0.88325
"28/10/2020 13:",0.9225
"28/10/2020 14:",0.92975
"28/10/2020 15:",0.943
"28/10/2020 16:",0.9345
"28/10/2020 17:",0.9045
"28/10/2020 18:",0.87125
"28/10/2020 19:",0.85925
"28/10/2020 20:",0.8535
"28/10/2020 21:",0.834
"28/10/2020 22:",0.83475
"28/10/2020 23:",0.816
"29/10/2020 00:",0.785
"29/10/2020 01:",0.7815
"29/10/2020 02:",0.798
"29/10/2020 03:",0.79325
"29/10/2020 04:",0.77125
"29/10/2020 05:",0.79875
"29/10/2020 06:",0.81525
"29/10/2020 07:",0.80725
"29/10/2020 08:",0.80925
"29/10/2020 09:",0.79525
"29/10/2020 10:",0.83575
"29/10/2020 11:",0.848
"29/10/2020 12:",0.84775
"29/10/2020 13:",0.84275
"29/10/2020 14:",0.8725
"29/10/2020 15:",0.89425
"29/10/2020 16:",0.9025
"29/10/2020 17:",0.904
"29/10/2020 18:",0.8935
"29/10/2020 19:",0.896
"29/10/2020 20:",0.859
"29/10/2020 21:",0.834
"29/10/2020 22:",0.81725
"29/10/2020 23:",0.8145
"30/10/2020 00:",0.8075
"30/10/2020 01:",0.80125
"30/10/2020 02:",0.7955
"30/10/2020 03:",0.79925
"30/10/2020 04:",0.7965
"30/10/2020 05:",0.798
"30/10/2020 06:",0.787
"30/10/2020 07:",0.795
"30/10/2020 08:",0.79525
"30/10/2020 09:",0.7925
"30/10/2020 10:",0.8025
"30/10/2020 11:",0.833
"30/10/2020 12:",0.86375
"30/10/2020 13:",0.8605
"30/10/2020 14:",0.88175
"30/10/2020 15:",0.9005
"30/10/2020 16:",0.89575
"30/10/2020 17:",1.09325
"30/10/2020 18:",1.1075
"30/10/2020 19:",1.3525
"30/10/2020 20:",1.335
"30/10/2020 21:",1.15
"30/10/2020 22:",1.04
"30/10/2020 23:",1.0875
"31/10/2020 00:",1.125
"31/10/2020 01:",1.019
"31/10/2020 02:",1.1155
"31/10/2020 03:",1.235
"31/10/2020 04:",1.095
"31/10/2020 05:",0.93425
"31/10/2020 06:",0.8495
"31/10/2020 07:",0.8735
"31/10/2020 08:",0.8435
"31/10/2020 09:",0.98725
"31/10/2020 10:",0.91625
"31/10/2020 11:",0.91775
"31/10/2020 12:",0.9155
"31/10/2020 13:",0.985
"31/10/2020 14:",1.04
"31/10/2020 15:",1.1325
"31/10/2020 16:",1.2575
"31/10/2020 17:",1.9125
"31/10/2020 18:",1.7075
"31/10/2020 19:",1.555
"31/10/2020 20:",1.6625
"31/10/2020 21:",1.5125
"31/10/2020 22:",1.645
"31/10/2020 23:",1.4475
"01/11/2020 00:",1.5625
"01/11/2020 01:",1.585
"01/11/2020 02:",1.4725
"01/11/2020 03:",1.395
"01/11/2020 04:",1.17
"01/11/2020 05:",1.1225
"01/11/2020 06:",1.2425
"01/11/2020 07:",0.941
"01/11/2020 08:",0.93525
"01/11/2020 09:",1.03775
"01/11/2020 10:",1.1275
"01/11/2020 11:",1.1575
"01/11/2020 12:",1.1975
"01/11/2020 13:",1.2625
"01/11/2020 14:",1.235
"01/11/2020 15:",1.235
"01/11/2020 16:",1.45
"01/11/2020 17:",1.7075
"01/11/2020 18:",1.7175
"01/11/2020 19:",1.475
"01/11/2020 20:",1.4525
"01/11/2020 21:",1.455
"01/11/2020 22:",1.15
"01/11/2020 23:",1.035
"02/11/2020 00:",1.06
"02/11/2020 01:",1.1
"02/11/2020 02:",1.0275
"02/11/2020 03:",1.03
"02/11/2020 04:",1.0475
"02/11/2020 05:",0.939
"02/11/2020 06:",0.97475
"02/11/2020 07:",0.882
"02/11/2020 08:",0.894
"02/11/2020 09:",0.80825
"02/11/2020 10:",0.798
"02/11/2020 11:",0.8
"02/11/2020 12:",0.80625
"02/11/2020 13:",0.86
"02/11/2020 14:",0.8815
"02/11/2020 15:",0.898
"02/11/2020 16:",0.90375
"02/11/2020 17:",0.88225
"02/11/2020 18:",0.86525
"02/11/2020 19:",0.8365
"02/11/2020 20:",0.82875
"02/11/2020 21:",0.808
"02/11/2020 22:",0.777
"02/11/2020 23:",0.766
"03/11/2020 00:",0.77175
"03/11/2020 01:",0.77325
"03/11/2020 02:",0.76325
"03/11/2020 03:",0.76
"03/11/2020 04:",0.763
"03/11/2020 05:",0.7685
"03/11/2020 06:",0.76475
"03/11/2020 07:",0.7735
"03/11/2020 08:",0.77925
"03/11/2020 09:",0.76875
"03/11/2020 10:",0.7875
"03/11/2020 11:",0.801
"03/11/2020 12:",0.82625
"03/11/2020 13:",0.852
"03/11/2020 14:",0.87225
"03/11/2020 15:",0.87925
"03/11/2020 16:",0.877
"03/11/2020 17:",0.83475
"03/11/2020 18:",0.80675
"03/11/2020 19:",0.8005
"03/11/2020 20:",0.79475
"03/11/2020 21:",0.784
"03/11/2020 22:",0.7825
"03/11/2020 23:",0.78675
"04/11/2020 00:",0.78275
"04/11/2020 01:",0.78775
"04/11/2020 02:",0.79
"04/11/2020 03:",0.78925
"04/11/2020 04:",0.78225
"04/11/2020 05:",0.78075
"04/11/2020 06:",0.79525
"04/11/2020 07:",0.779
"04/11/2020 08:",0.772
"04/11/2020 09:",0.7705
"04/11/2020 10:",0.77375
"04/11/2020 11:",0.7825
"04/11/2020 12:",0.7955
"04/11/2020 13:",0.80725
"04/11/2020 14:",0.81525
"04/11/2020 15:",0.82225
"04/11/2020 16:",0.83675
"04/11/2020 17:",0.84625
"04/11/2020 18:",0.83825
"04/11/2020 19:",0.82075
"04/11/2020 20:",0.8085
"04/11/2020 21:",0.8105
"04/11/2020 22:",0.7955
"04/11/2020 23:",0.7825
"05/11/2020 00:",0.7905
"05/11/2020 01:",0.842
"05/11/2020 02:",0.78375
"05/11/2020 03:",0.76575
"05/11/2020 04:",0.77475
"05/11/2020 05:",0.85575
"05/11/2020 06:",0.79875
"05/11/2020 07:",0.76725
"05/11/2020 08:",0.77275
"05/11/2020 09:",0.77875
"05/11/2020 10:",0.7875
"05/11/2020 11:",0.796
"05/11/2020 12:",0.80175
"05/11/2020 13:",0.824
"05/11/2020 14:",0.83625
"05/11/2020 15:",0.840666666666667
"05/11/2020 16:",0.844222222222222
"05/11/2020 17:",0.859
"05/11/2020 18:",0.87
"05/11/2020 19:",0.8515
"05/11/2020 20:",0.8225
"05/11/2020 21:",0.8045
"05/11/2020 22:",0.791
"05/11/2020 23:",0.779
"06/11/2020 00:",0.77
"06/11/2020 01:",0.7665
"06/11/2020 02:",0.7815
"06/11/2020 03:",0.7875
"06/11/2020 04:",0.7835
"06/11/2020 05:",0.7835
"06/11/2020 06:",0.7815
"06/11/2020 07:",0.787
"06/11/2020 08:",0.796
"06/11/2020 09:",0.747
"06/11/2020 10:",0.7775
"06/11/2020 11:",0.8605
"06/11/2020 12:",0.8605
"06/11/2020 13:",0.8845
"06/11/2020 14:",0.926
"06/11/2020 15:",0.95
"06/11/2020 16:",0.944
"06/11/2020 17:",0.933
"06/11/2020 18:",0.9305
"06/11/2020 19:",0.945
"06/11/2020 20:",0.956
"06/11/2020 21:",0.94
"06/11/2020 22:",0.93
"06/11/2020 23:",0.9255
"07/11/2020 00:",0.912
"07/11/2020 01:",0.896
"07/11/2020 02:",0.881
"07/11/2020 03:",0.8715
"07/11/2020 04:",0.882
"07/11/2020 05:",0.877
"07/11/2020 06:",0.862
"07/11/2020 07:",0.877
"07/11/2020 08:",0.8835
"07/11/2020 09:",0.8635
"07/11/2020 10:",0.925
"07/11/2020 11:",0.9515
"07/11/2020 12:",0.927
"07/11/2020 13:",0.952
"07/11/2020 14:",0.9445
"07/11/2020 15:",0.942
"07/11/2020 16:",0.958
"07/11/2020 17:",1.024
"07/11/2020 18:",0.9965
"07/11/2020 19:",1.1565
"07/11/2020 20:",1.305
"07/11/2020 21:",1.0755
"07/11/2020 22:",1.0255
"07/11/2020 23:",1.0255
"08/11/2020 00:",0.955
"08/11/2020 01:",0.9535
"08/11/2020 02:",0.9095
"08/11/2020 03:",0.9015
"08/11/2020 04:",0.9235
"08/11/2020 05:",0.9395
"08/11/2020 06:",0.9395
"08/11/2020 07:",0.9175
"08/11/2020 08:",0.9415
"08/11/2020 09:",0.938
"08/11/2020 10:",0.9815
"08/11/2020 11:",1.08
"08/11/2020 12:",1.055
"08/11/2020 13:",0.9815
"08/11/2020 14:",0.9815
"08/11/2020 15:",0.9825
"08/11/2020 16:",0.975
"08/11/2020 17:",1.1775
"08/11/2020 18:",1.315
"08/11/2020 19:",1.1115
"08/11/2020 20:",1.1015
"08/11/2020 21:",1.275
"08/11/2020 22:",1.215
"08/11/2020 23:",1.0195
"09/11/2020 00:",0.903
"09/11/2020 01:",1.0185
"09/11/2020 02:",1.026
"09/11/2020 03:",0.961
"09/11/2020 04:",0.976
"09/11/2020 05:",0.96
"09/11/2020 06:",0.952
"09/11/2020 07:",0.9075
"09/11/2020 08:",0.91
"09/11/2020 09:",0.8995
"09/11/2020 10:",0.8625
"09/11/2020 11:",0.9335
"09/11/2020 12:",0.9735
"09/11/2020 13:",0.9785
"09/11/2020 14:",0.9765
"09/11/2020 15:",0.925
"09/11/2020 16:",0.935
"09/11/2020 17:",1.1265
"09/11/2020 18:",1.17
"09/11/2020 19:",1.155
"09/11/2020 20:",1.335
"09/11/2020 21:",1.27
"09/11/2020 22:",1.16
"09/11/2020 23:",1.14
"10/11/2020 00:",1.13
"10/11/2020 01:",1.15
"10/11/2020 02:",1.14
"10/11/2020 03:",1.125
"10/11/2020 04:",1.0465
"10/11/2020 05:",0.976
"10/11/2020 06:",0.9755
"10/11/2020 07:",0.991
"10/11/2020 08:",0.977
"10/11/2020 09:",0.935
"10/11/2020 10:",0.958
"10/11/2020 11:",1.02
"10/11/2020 12:",1.004
"10/11/2020 13:",0.9305
"10/11/2020 14:",0.9375
"10/11/2020 15:",1.006
"10/11/2020 16:",1.005
"10/11/2020 17:",1.14
"10/11/2020 18:",1.215
"10/11/2020 19:",1.23
"10/11/2020 20:",1.56
"10/11/2020 21:",1.625
"10/11/2020 22:",1.34
"10/11/2020 23:",1.215
"11/11/2020 00:",1.034
"11/11/2020 01:",0.964
"11/11/2020 02:",1.075
"11/11/2020 03:",1.09
"11/11/2020 04:",1.08
"11/11/2020 05:",1.055
"11/11/2020 06:",1.017
"11/11/2020 07:",1.082
"11/11/2020 08:",1.0425
"11/11/2020 09:",0.9625
"11/11/2020 10:",0.9825
"11/11/2020 11:",0.957
"11/11/2020 12:",0.935
"11/11/2020 13:",0.9215
"11/11/2020 14:",1.026
"11/11/2020 15:",1.155
"11/11/2020 16:",1.315
"11/11/2020 17:",1.63
"11/11/2020 18:",1.9
"11/11/2020 19:",1.985
"11/11/2020 20:",1.885
"11/11/2020 21:",1.66
"11/11/2020 22:",1.7
"11/11/2020 23:",1.905
"12/11/2020 00:",1.935
"12/11/2020 01:",1.915
"12/11/2020 02:",1.935
"12/11/2020 03:",1.83
"12/11/2020 04:",1.67
"12/11/2020 05:",1.615
"12/11/2020 06:",1.575
"12/11/2020 07:",1.54
"12/11/2020 08:",1.495
"12/11/2020 09:",1.5
"12/11/2020 10:",1.51
"12/11/2020 11:",1.415
"12/11/2020 12:",1.265
"12/11/2020 13:",1.2
"12/11/2020 14:",1.29
"12/11/2020 15:",1.44
"12/11/2020 16:",1.47
"12/11/2020 17:",1.4
"12/11/2020 18:",1.475
"12/11/2020 19:",1.575
"12/11/2020 20:",1.55
"12/11/2020 21:",1.5
"12/11/2020 22:",1.43
"12/11/2020 23:",1.23
"13/11/2020 00:",1.115
"13/11/2020 01:",1.0665
"13/11/2020 02:",1.0515
"13/11/2020 03:",1.0245
"13/11/2020 04:",0.933
"13/11/2020 05:",1.0085
"13/11/2020 06:",1.08
"13/11/2020 07:",1.06
"13/11/2020 08:",1.015
"13/11/2020 09:",1.05
"13/11/2020 10:",1.095
"13/11/2020 11:",0.929
"13/11/2020 12:",1.169
"13/11/2020 13:",1.545
"13/11/2020 14:",1.52428571428571
"13/11/2020 15:",1.51285714285714
"13/11/2020 16:",1.525
"13/11/2020 17:",1.515
"13/11/2020 18:",1.78
"13/11/2020 19:",1.8175
"13/11/2020 20:",1.8375
"13/11/2020 21:",1.8275
"13/11/2020 22:",1.9025
"13/11/2020 23:",1.81
"14/11/2020 00:",1.6125
"14/11/2020 01:",1.62
"14/11/2020 02:",1.595
"14/11/2020 03:",1.505
"14/11/2020 04:",1.39
"14/11/2020 05:",1.4275
"14/11/2020 06:",1.42
"14/11/2020 07:",1.605
"14/11/2020 08:",1.55
"14/11/2020 09:",1.4425
"14/11/2020 10:",1.57
"14/11/2020 11:",1.5525
"14/11/2020 12:",1.395
"14/11/2020 13:",1.3875
"14/11/2020 14:",1.355
"14/11/2020 15:",1.4075
"14/11/2020 16:",1.445
"14/11/2020 17:",1.6825
"14/11/2020 18:",1.4675
"14/11/2020 19:",1.8575
"14/11/2020 20:",1.7125
"14/11/2020 21:",1.595
"14/11/2020 22:",1.6575
"14/11/2020 23:",1.8975
"15/11/2020 00:",1.91
"15/11/2020 01:",1.56
"15/11/2020 02:",1.405
"15/11/2020 03:",1.48
"15/11/2020 04:",1.4425
"15/11/2020 05:",1.435
"15/11/2020 06:",1.4625
"15/11/2020 07:",1.59
"15/11/2020 08:",1.5175
"15/11/2020 09:",1.45
"15/11/2020 10:",1.4025
"15/11/2020 11:",1.405
"15/11/2020 12:",1.35
"15/11/2020 13:",1.27
"15/11/2020 14:",1.325
"15/11/2020 15:",1.41
"15/11/2020 16:",1.34
"15/11/2020 17:",1.7225
"15/11/2020 18:",1.7025
"15/11/2020 19:",2.0025
"15/11/2020 20:",1.775
"15/11/2020 21:",1.5775
"15/11/2020 22:",1.61
"15/11/2020 23:",1.96
"16/11/2020 00:",2.0025
"16/11/2020 01:",1.995
"16/11/2020 02:",1.79
"16/11/2020 03:",1.5175
"16/11/2020 04:",1.405
"16/11/2020 05:",1.66
"16/11/2020 06:",1.78
"16/11/2020 07:",1.7975
"16/11/2020 08:",1.8075
"16/11/2020 09:",1.6075
"16/11/2020 10:",1.6975
"16/11/2020 11:",1.5775
"16/11/2020 12:",1.73
"16/11/2020 13:",1.485
"16/11/2020 14:",1.425
"16/11/2020 15:",1.5525
"16/11/2020 16:",1.425
"16/11/2020 17:",1.415
"16/11/2020 18:",1.505
"16/11/2020 19:",2.085
"16/11/2020 20:",2.24
"16/11/2020 21:",2.005
"16/11/2020 22:",2.1325
"16/11/2020 23:",1.96
"17/11/2020 00:",2.0075
"17/11/2020 01:",1.8625
"17/11/2020 02:",1.725
"17/11/2020 03:",1.505
"17/11/2020 04:",2.0025
"17/11/2020 05:",1.53
"17/11/2020 06:",1.9175
"17/11/2020 07:",1.8425
"17/11/2020 08:",1.57
"17/11/2020 09:",1.5625
"17/11/2020 10:",1.47125
"17/11/2020 11:",1.32625
"17/11/2020 12:",1.2675
"17/11/2020 13:",1.245
"17/11/2020 14:",1.2475
"17/11/2020 15:",1.235
"17/11/2020 16:",1.185
"17/11/2020 17:",1.2825
"17/11/2020 18:",1.3275
"17/11/2020 19:",1.2625
"17/11/2020 20:",1.2625
"17/11/2020 21:",1.27
"17/11/2020 22:",1.2775
"17/11/2020 23:",1.2875
"18/11/2020 00:",1.29
"18/11/2020 01:",1.2825
"18/11/2020 02:",1.28
"18/11/2020 03:",1.295
"18/11/2020 04:",1.3
"18/11/2020 05:",1.2925
"18/11/2020 06:",1.2975
"18/11/2020 07:",1.3
"18/11/2020 08:",1.315
"18/11/2020 09:",1.32
"18/11/2020 10:",1.2825
"18/11/2020 11:",1.255
"18/11/2020 12:",1.25
"18/11/2020 13:",1.2475
"18/11/2020 14:",1.24
"18/11/2020 15:",1.2425
"18/11/2020 16:",1.245
"18/11/2020 17:",1.2325
"18/11/2020 18:",1.2475
"18/11/2020 19:",1.2725
"18/11/2020 20:",1.2825
"18/11/2020 21:",1.2875
"18/11/2020 22:",1.2775
"18/11/2020 23:",1.2725
"19/11/2020 00:",1.28
"19/11/2020 01:",1.28
"19/11/2020 02:",1.28
"19/11/2020 03:",1.28
"19/11/2020 04:",1.28
"19/11/2020 05:",1.2775
"19/11/2020 06:",1.2725
"19/11/2020 07:",1.28
"19/11/2020 08:",1.2825
"19/11/2020 09:",1.285
"19/11/2020 10:",1.265
"19/11/2020 11:",1.245
"19/11/2020 12:",1.2375
"19/11/2020 13:",1.29
"19/11/2020 14:",1.3725
"19/11/2020 15:",1.35
"19/11/2020 16:",1.3475
"19/11/2020 17:",1.3325
"19/11/2020 18:",1.3075
"19/11/2020 19:",1.295
"19/11/2020 20:",1.2775
"19/11/2020 21:",1.27
"19/11/2020 22:",1.2625
"19/11/2020 23:",1.245
"20/11/2020 00:",1.255
"20/11/2020 01:",1.235
"20/11/2020 02:",1.225
"20/11/2020 03:",1.2375
"20/11/2020 04:",1.2275
"20/11/2020 05:",1.22
"20/11/2020 06:",1.2225
"20/11/2020 07:",1.23
"20/11/2020 08:",1.2575
"20/11/2020 09:",1.29
"20/11/2020 10:",1.175
"20/11/2020 11:",1.2725
"20/11/2020 12:",1.25
"20/11/2020 13:",1.2475
"20/11/2020 14:",1.24
"20/11/2020 15:",1.2475
"20/11/2020 16:",1.27
"20/11/2020 17:",1.27
"20/11/2020 18:",1.2675
"20/11/2020 19:",1.26
"20/11/2020 20:",1.26
"20/11/2020 21:",1.26
"20/11/2020 22:",1.265
"20/11/2020 23:",1.2775
"21/11/2020 00:",1.27
"21/11/2020 01:",1.275
"21/11/2020 02:",1.28
"21/11/2020 03:",1.255
"21/11/2020 04:",1.2675
"21/11/2020 05:",1.2575
"21/11/2020 06:",1.25
"21/11/2020 07:",1.25
"21/11/2020 08:",1.25
"21/11/2020 09:",1.25
"21/11/2020 10:",1.245
"21/11/2020 11:",1.23
"21/11/2020 12:",1.2325
"21/11/2020 13:",1.2425
"21/11/2020 14:",1.2575
"21/11/2020 15:",1.2775
"21/11/2020 16:",1.2675
"21/11/2020 17:",1.26
"21/11/2020 18:",1.2625
"21/11/2020 19:",1.2675
"21/11/2020 20:",1.2575
"21/11/2020 21:",1.25
"21/11/2020 22:",1.25
"21/11/2020 23:",1.25
"22/11/2020 00:",1.2475
"22/11/2020 01:",1.24
"22/11/2020 02:",1.235
"22/11/2020 03:",1.2225
"22/11/2020 04:",1.23
"22/11/2020 05:",1.23
"22/11/2020 06:",1.23
"22/11/2020 07:",1.23
"22/11/2020 08:",1.2275
"22/11/2020 09:",1.22
"22/11/2020 10:",1.22
"22/11/2020 11:",1.2225
"22/11/2020 12:",1.235
"22/11/2020 13:",1.2475
"22/11/2020 14:",1.24
"22/11/2020 15:",1.2375
"22/11/2020 16:",1.2325
"22/11/2020 17:",1.235
"22/11/2020 18:",1.2175
"22/11/2020 19:",1.2075
"22/11/2020 20:",1.2
"22/11/2020 21:",1.1975
"22/11/2020 22:",1.1875
"22/11/2020 23:",1.18
"23/11/2020 00:",1.1775
"23/11/2020 01:",1.1675
"23/11/2020 02:",1.1625
"23/11/2020 03:",1.1675
"23/11/2020 04:",1.16
"23/11/2020 05:",1.16
"23/11/2020 06:",1.16
"23/11/2020 07:",1.1625
"23/11/2020 08:",1.175
"23/11/2020 09:",1.1925
"23/11/2020 10:",1.2
"23/11/2020 11:",1.1975
"23/11/2020 12:",1.18
"23/11/2020 13:",1.1525
"23/11/2020 14:",1.165
"23/11/2020 15:",1.175
"23/11/2020 16:",1.16
"23/11/2020 17:",1.165
"23/11/2020 18:",1.185
"23/11/2020 19:",1.2025
"23/11/2020 20:",1.21
"23/11/2020 21:",1.2075
"23/11/2020 22:",1.1975
"23/11/2020 23:",1.1925
